slide,slide_title,table_index,row,column,value
1,3%,1,1,1,INCHES
1,3%,1,1,2,NET PRICE
1,3%,1,1,3,NET PRICE
1,3%,1,2,1,BLACK IRON
1,3%,1,2,2,ERW – Sch. 40 Standard
1,3%,1,2,3,SEAMLESS Sch. 40
1,3%,1,3,1,"1"""
1,3%,1,3,2,"1,188.00"
1,3%,1,3,3,"1,435.00"
1,3%,1,4,1,1 ¼
1,3%,1,4,2,1512.00
1,3%,1,4,3,"1,900.00"
1,3%,1,5,1,1 ½
1,3%,1,5,2,"1,920.00"
1,3%,1,5,3,"2,273.00"
1,3%,1,6,1,"2"""
1,3%,1,6,2,"2,487.00"
1,3%,1,6,3,"2,945.00"
1,3%,1,7,1,2 ½
1,3%,1,7,2,"4,088.00"
1,3%,1,7,3,4670.00
1,3%,1,8,1,"3"""
1,3%,1,8,2,"5,287.00"
1,3%,1,8,3,"6,180.00"
1,3%,1,9,1,"4"""
1,3%,1,9,2,"8,064.00"
1,3%,1,9,3,"8,895.00"
1,3%,1,10,1,"5"""
1,3%,1,10,2,"11,573.00"
1,3%,1,10,3,"12,520.00"
1,3%,1,11,1,"6"""
1,3%,1,11,2,"14,560.00"
1,3%,1,11,3,"15,780.00"
1,3%,2,1,1,NET PRICE
1,3%,2,2,1,ERW –Light Gauge
1,3%,2,3,1,995.00
1,3%,2,4,1,"1,362.00"
1,3%,2,5,1,"1,586.00"
1,3%,2,6,1,"2,145.00"
1,3%,2,7,1,"2,875.00"
1,3%,2,8,1,"3,825.00"
1,3%,2,9,1,"5,630.00"
1,3%,2,10,1,"9,075.00"
1,3%,2,11,1,"12,960.00"
1,3%,3,1,1,8''
1,3%,3,1,2,"19,500.00"
1,3%,3,1,3,"23,500.00"
1,3%,3,1,4,
1,3%,3,2,1,10''
1,3%,3,2,2,"32,000.00"
1,3%,3,2,3,
1,3%,3,2,4,
1,3%,3,3,1,12''
1,3%,3,3,2,"41,250.00"
1,3%,3,3,3,
1,3%,3,3,4,
1,3%,3,4,1,½
1,3%,3,4,2,780.00
1,3%,3,4,3,
1,3%,3,4,4,
1,3%,3,5,1,¾
1,3%,3,5,2,945.00
1,3%,3,5,3,
1,3%,3,5,4,
2,OS & Y Gate Valve,1,1,1,
2,OS & Y Gate Valve,1,1,2,"HK & QL
Non- UL"
2,OS & Y Gate Valve,1,1,3,KENNEDY
2,OS & Y Gate Valve,1,1,4,HYFLO or MECH UL/FM
2,OS & Y Gate Valve,1,2,1,8''
2,OS & Y Gate Valve,1,2,2,
2,OS & Y Gate Valve,1,2,3,"19,000"
2,OS & Y Gate Valve,1,2,4,"30,470"
2,OS & Y Gate Valve,1,3,1,6''
2,OS & Y Gate Valve,1,3,2,
2,OS & Y Gate Valve,1,3,3,"9,800"
2,OS & Y Gate Valve,1,3,4,"18,715"
2,OS & Y Gate Valve,1,4,1,4''
2,OS & Y Gate Valve,1,4,2,
2,OS & Y Gate Valve,1,4,3,"5,800"
2,OS & Y Gate Valve,1,4,4,"12,000"
2,OS & Y Gate Valve,1,5,1,3''
2,OS & Y Gate Valve,1,5,2,
2,OS & Y Gate Valve,1,5,3,"4,800"
2,OS & Y Gate Valve,1,5,4,"9,000"
2,OS & Y Gate Valve,1,6,1,2 ½''
2,OS & Y Gate Valve,1,6,2,
2,OS & Y Gate Valve,1,6,3,"3,700"
2,OS & Y Gate Valve,1,6,4,"7,000"
2,OS & Y Gate Valve,1,7,1,2''
2,OS & Y Gate Valve,1,7,2,
2,OS & Y Gate Valve,1,7,3,"3,200"
2,OS & Y Gate Valve,1,7,4,"6,500"
2,OS & Y Gate Valve,2,1,1,
2,OS & Y Gate Valve,2,1,2,"CLINTON
Non- UL"
2,OS & Y Gate Valve,2,1,3,"SMITH
USA"
2,OS & Y Gate Valve,2,1,4,"HYFLO
UL/FM"
2,OS & Y Gate Valve,2,2,1,8''
2,OS & Y Gate Valve,2,2,2,"16,700"
2,OS & Y Gate Valve,2,2,3,
2,OS & Y Gate Valve,2,2,4,"30,500"
2,OS & Y Gate Valve,2,3,1,6''
2,OS & Y Gate Valve,2,3,2,"9,200"
2,OS & Y Gate Valve,2,3,3,
2,OS & Y Gate Valve,2,3,4,"18,500"
2,OS & Y Gate Valve,2,4,1,4''
2,OS & Y Gate Valve,2,4,2,"6,800"
2,OS & Y Gate Valve,2,4,3,
2,OS & Y Gate Valve,2,4,4,"12,000"
2,OS & Y Gate Valve,2,5,1,3''
2,OS & Y Gate Valve,2,5,2,"4,500"
2,OS & Y Gate Valve,2,5,3,
2,OS & Y Gate Valve,2,5,4,"9,500"
2,OS & Y Gate Valve,2,6,1,2 ½''
2,OS & Y Gate Valve,2,6,2,"3,700"
2,OS & Y Gate Valve,2,6,3,
2,OS & Y Gate Valve,2,6,4,"8,000"
2,OS & Y Gate Valve,2,7,1,2''
2,OS & Y Gate Valve,2,7,2,"3,150"
2,OS & Y Gate Valve,2,7,3,
2,OS & Y Gate Valve,2,7,4,"7,500"
2,OS & Y Gate Valve,3,1,1,
2,OS & Y Gate Valve,3,1,2,"HK & QL
Non- UL"
2,OS & Y Gate Valve,3,1,3,"MECH
300 psi"
2,OS & Y Gate Valve,3,1,4,"HYFLO
300 psi"
2,OS & Y Gate Valve,3,2,1,8''
2,OS & Y Gate Valve,3,2,2,"85,000"
2,OS & Y Gate Valve,3,2,3,"180,000"
2,OS & Y Gate Valve,3,2,4,"180,000"
2,OS & Y Gate Valve,3,3,1,6''
2,OS & Y Gate Valve,3,3,2,"60,000"
2,OS & Y Gate Valve,3,3,3,"71,500"
2,OS & Y Gate Valve,3,3,4,"72,000"
2,OS & Y Gate Valve,3,4,1,4''
2,OS & Y Gate Valve,3,4,2,"28,000"
2,OS & Y Gate Valve,3,4,3,"62,000"
2,OS & Y Gate Valve,3,4,4,"62,000"
2,OS & Y Gate Valve,3,5,1,3''
2,OS & Y Gate Valve,3,5,2,"21,000"
2,OS & Y Gate Valve,3,5,3,"52,000"
2,OS & Y Gate Valve,3,5,4,"49,500"
2,OS & Y Gate Valve,3,6,1,2 ½''
2,OS & Y Gate Valve,3,6,2,"16,500"
2,OS & Y Gate Valve,3,6,3,
2,OS & Y Gate Valve,3,6,4,
2,OS & Y Gate Valve,3,7,1,2''
2,OS & Y Gate Valve,3,7,2,"12,500"
2,OS & Y Gate Valve,3,7,3,
2,OS & Y Gate Valve,3,7,4,
3,Pressure Reducing Valve,1,1,1,
3,Pressure Reducing Valve,1,1,2,"CLINTON
Non- UL"
3,Pressure Reducing Valve,1,1,3,"MECH
300 psi"
3,Pressure Reducing Valve,1,1,4,"HYFLO
UL/FM"
3,Pressure Reducing Valve,1,2,1,8''
3,Pressure Reducing Valve,1,2,2,"85,000"
3,Pressure Reducing Valve,1,2,3,"188,000"
3,Pressure Reducing Valve,1,2,4,"180,000"
3,Pressure Reducing Valve,1,3,1,6''
3,Pressure Reducing Valve,1,3,2,"60,000"
3,Pressure Reducing Valve,1,3,3,"75,000"
3,Pressure Reducing Valve,1,3,4,"75,000"
3,Pressure Reducing Valve,1,4,1,4''
3,Pressure Reducing Valve,1,4,2,"28,000"
3,Pressure Reducing Valve,1,4,3,"65,000"
3,Pressure Reducing Valve,1,4,4,"65,000"
3,Pressure Reducing Valve,1,5,1,3''
3,Pressure Reducing Valve,1,5,2,"21,000"
3,Pressure Reducing Valve,1,5,3,"52,000"
3,Pressure Reducing Valve,1,5,4,"52,000"
3,Pressure Reducing Valve,1,6,1,2 ½''
3,Pressure Reducing Valve,1,6,2,"16,500"
3,Pressure Reducing Valve,1,6,3,
3,Pressure Reducing Valve,1,6,4,
3,Pressure Reducing Valve,1,7,1,2''
3,Pressure Reducing Valve,1,7,2,"12,500"
3,Pressure Reducing Valve,1,7,3,
3,Pressure Reducing Valve,1,7,4,
3,Pressure Reducing Valve,2,1,1,
3,Pressure Reducing Valve,2,1,2,"ZJST
Non- UL"
3,Pressure Reducing Valve,2,1,3,"CLINTON
Non- UL"
3,Pressure Reducing Valve,2,1,4,"HYFLO
UL/FM"
3,Pressure Reducing Valve,2,2,1,8''
3,Pressure Reducing Valve,2,2,2,
3,Pressure Reducing Valve,2,2,3,"45,000"
3,Pressure Reducing Valve,2,2,4,"70,000"
3,Pressure Reducing Valve,2,3,1,6''
3,Pressure Reducing Valve,2,3,2,"35,000"
3,Pressure Reducing Valve,2,3,3,"37,000"
3,Pressure Reducing Valve,2,3,4,"48,000"
3,Pressure Reducing Valve,2,4,1,4''
3,Pressure Reducing Valve,2,4,2,"24,500"
3,Pressure Reducing Valve,2,4,3,"25,000"
3,Pressure Reducing Valve,2,4,4,"32,000"
3,Pressure Reducing Valve,2,5,1,3''
3,Pressure Reducing Valve,2,5,2,"21,500"
3,Pressure Reducing Valve,2,5,3,"22,000"
3,Pressure Reducing Valve,2,5,4,"28,000"
3,Pressure Reducing Valve,2,6,1,10''
3,Pressure Reducing Valve,2,6,2,
3,Pressure Reducing Valve,2,6,3,
3,Pressure Reducing Valve,2,6,4,"95,000"
3,Pressure Reducing Valve,2,7,1,12''
3,Pressure Reducing Valve,2,7,2,
3,Pressure Reducing Valve,2,7,3,
3,Pressure Reducing Valve,2,7,4,"180,000"
3,Pressure Reducing Valve,3,1,1,
3,Pressure Reducing Valve,3,1,2,"MECH
UL/FM"
3,Pressure Reducing Valve,3,1,3,"KENNEDY
NON/UL"
3,Pressure Reducing Valve,3,1,4,"HYFLO
UL/FM"
3,Pressure Reducing Valve,3,2,1,8''
3,Pressure Reducing Valve,3,2,2,
3,Pressure Reducing Valve,3,2,3,
3,Pressure Reducing Valve,3,2,4,
3,Pressure Reducing Valve,3,3,1,6''
3,Pressure Reducing Valve,3,3,2,"12,500"
3,Pressure Reducing Valve,3,3,3,"9,500"
3,Pressure Reducing Valve,3,3,4,"12,800"
3,Pressure Reducing Valve,3,4,1,4''
3,Pressure Reducing Valve,3,4,2,"9,500"
3,Pressure Reducing Valve,3,4,3,"8,400"
3,Pressure Reducing Valve,3,4,4,"10,000"
3,Pressure Reducing Valve,3,5,1,3''
3,Pressure Reducing Valve,3,5,2,"7,900"
3,Pressure Reducing Valve,3,5,3,"6,700"
3,Pressure Reducing Valve,3,5,4,"8,500"
3,Pressure Reducing Valve,3,6,1,2 ½''
3,Pressure Reducing Valve,3,6,2,"7,200"
3,Pressure Reducing Valve,3,6,3,"6,000"
3,Pressure Reducing Valve,3,6,4,"8,000"
3,Pressure Reducing Valve,3,7,1,2''
3,Pressure Reducing Valve,3,7,2,
3,Pressure Reducing Valve,3,7,3,
3,Pressure Reducing Valve,3,7,4,
4,PN-40 580 PSI,1,1,1,
4,PN-40 580 PSI,1,1,2,KENNEDY Grooved Alarm Check
4,PN-40 580 PSI,1,2,1,8''
4,PN-40 580 PSI,1,2,2,"48,000"
4,PN-40 580 PSI,1,3,1,6''
4,PN-40 580 PSI,1,3,2,"39,000"
4,PN-40 580 PSI,1,4,1,4''
4,PN-40 580 PSI,1,4,2,"27,000"
4,PN-40 580 PSI,2,1,1,
4,PN-40 580 PSI,2,1,2,HYFLO Grooved Alarm Check
4,PN-40 580 PSI,2,2,1,8''
4,PN-40 580 PSI,2,2,2,"70,000"
4,PN-40 580 PSI,2,3,1,6''
4,PN-40 580 PSI,2,3,2,"48,000"
4,PN-40 580 PSI,2,4,1,4''
4,PN-40 580 PSI,2,4,2,"33,000"
4,PN-40 580 PSI,3,1,1,Exit Sign
4,PN-40 580 PSI,3,1,2,Emergency light
4,PN-40 580 PSI,3,2,1,600
4,PN-40 580 PSI,3,2,2,580
4,PN-40 580 PSI,4,1,1,
4,PN-40 580 PSI,4,1,2,"PN-25
360 PSI"
4,PN-40 580 PSI,4,2,1,6''
4,PN-40 580 PSI,4,2,2,"83,250"
4,PN-40 580 PSI,4,3,1,4''
4,PN-40 580 PSI,4,3,2,"50,200"
4,PN-40 580 PSI,4,4,1,3''
4,PN-40 580 PSI,4,4,2,"34,500"
4,PN-40 580 PSI,4,5,1,2 ½''
4,PN-40 580 PSI,4,5,2,"28,500"
4,PN-40 580 PSI,4,6,1,2''
4,PN-40 580 PSI,4,6,2,"26,000"
4,PN-40 580 PSI,5,1,1,
4,PN-40 580 PSI,5,1,2,"PN-40
580 PSI"
4,PN-40 580 PSI,5,2,1,6''
4,PN-40 580 PSI,5,2,2,"102,675"
4,PN-40 580 PSI,5,3,1,4''
4,PN-40 580 PSI,5,3,2,"69,580"
4,PN-40 580 PSI,5,4,1,3''
4,PN-40 580 PSI,5,4,2,"46,000"
4,PN-40 580 PSI,5,5,1,2 ½''
4,PN-40 580 PSI,5,5,2,"38,500"
4,PN-40 580 PSI,5,6,1,2''
4,PN-40 580 PSI,5,6,2,"34,000"
4,PN-40 580 PSI,6,1,1,
4,PN-40 580 PSI,6,1,2,ABC
4,PN-40 580 PSI,6,2,1,10 LBS
4,PN-40 580 PSI,6,2,2,"1,250"
4,PN-40 580 PSI,6,3,1,20 LBS
4,PN-40 580 PSI,6,3,2,"2,400"
4,PN-40 580 PSI,6,4,1,50 LBS
4,PN-40 580 PSI,6,4,2,"8,500"
4,PN-40 580 PSI,7,1,1,
4,PN-40 580 PSI,7,1,2,HCFC 123
4,PN-40 580 PSI,7,2,1,10 LBS
4,PN-40 580 PSI,7,2,2,"5,200"
4,PN-40 580 PSI,7,3,1,20 LBS
4,PN-40 580 PSI,7,3,2,"9,900"
4,PN-40 580 PSI,7,4,1,50 LBS
4,PN-40 580 PSI,7,4,2,"24,000"
4,PN-40 580 PSI,8,1,1,CEILING
4,PN-40 580 PSI,8,1,2,HCFC 123
4,PN-40 580 PSI,8,2,1,10 LBS
4,PN-40 580 PSI,8,2,2,"6,500"
4,PN-40 580 PSI,8,3,1,20 LBS
4,PN-40 580 PSI,8,3,2,"12,800"
5,Butterfly Valve with Tamper Switch,1,1,1,6''
5,Butterfly Valve with Tamper Switch,1,1,2,"12,500"
5,Butterfly Valve with Tamper Switch,1,2,1,4''
5,Butterfly Valve with Tamper Switch,1,2,2,"9,000"
5,Butterfly Valve with Tamper Switch,1,3,1,3''
5,Butterfly Valve with Tamper Switch,1,3,2,"7,500"
5,Butterfly Valve with Tamper Switch,2,1,1,6''
5,Butterfly Valve with Tamper Switch,2,1,2,"18,500"
5,Butterfly Valve with Tamper Switch,2,2,1,4''
5,Butterfly Valve with Tamper Switch,2,2,2,"12,000"
5,Butterfly Valve with Tamper Switch,2,3,1,3''
5,Butterfly Valve with Tamper Switch,2,3,2,"10,800"
5,Butterfly Valve with Tamper Switch,3,1,1,8''
5,Butterfly Valve with Tamper Switch,3,1,2,"38,000"
5,Butterfly Valve with Tamper Switch,3,2,1,6''
5,Butterfly Valve with Tamper Switch,3,2,2,"24,300"
5,Butterfly Valve with Tamper Switch,3,3,1,4''
5,Butterfly Valve with Tamper Switch,3,3,2,"14,700"
5,Butterfly Valve with Tamper Switch,3,4,1,3''
5,Butterfly Valve with Tamper Switch,3,4,2,"11,000"
5,Butterfly Valve with Tamper Switch,4,1,1,8''
5,Butterfly Valve with Tamper Switch,4,1,2,"16,500"
5,Butterfly Valve with Tamper Switch,4,2,1,6''
5,Butterfly Valve with Tamper Switch,4,2,2,"11,330"
5,Butterfly Valve with Tamper Switch,4,3,1,4''
5,Butterfly Valve with Tamper Switch,4,3,2,"6,500"
5,Butterfly Valve with Tamper Switch,4,4,1,3''
5,Butterfly Valve with Tamper Switch,4,4,2,"5,200"
5,Butterfly Valve with Tamper Switch,5,1,1,8''
5,Butterfly Valve with Tamper Switch,5,1,2,"45,000"
5,Butterfly Valve with Tamper Switch,5,2,1,6''
5,Butterfly Valve with Tamper Switch,5,2,2,"24,000"
5,Butterfly Valve with Tamper Switch,5,3,1,4''
5,Butterfly Valve with Tamper Switch,5,3,2,"17,000"
5,Butterfly Valve with Tamper Switch,5,4,1,3''
5,Butterfly Valve with Tamper Switch,5,4,2,"12,000"
5,Butterfly Valve with Tamper Switch,6,1,1,8''
5,Butterfly Valve with Tamper Switch,6,1,2,"16,800"
5,Butterfly Valve with Tamper Switch,7,1,1,8''
5,Butterfly Valve with Tamper Switch,7,1,2,"108,000"
5,Butterfly Valve with Tamper Switch,7,2,1,6''
5,Butterfly Valve with Tamper Switch,7,2,2,"95,000"
5,Butterfly Valve with Tamper Switch,7,3,1,4''
5,Butterfly Valve with Tamper Switch,7,3,2,"75,000"
5,Butterfly Valve with Tamper Switch,7,4,1,3''
5,Butterfly Valve with Tamper Switch,7,4,2,"65,000"
5,Butterfly Valve with Tamper Switch,8,1,1,2 ½
5,Butterfly Valve with Tamper Switch,8,1,2,"6,800"
5,Butterfly Valve with Tamper Switch,9,1,1,21/2
5,Butterfly Valve with Tamper Switch,9,1,2,"8,800"
5,Butterfly Valve with Tamper Switch,10,1,1,5''
5,Butterfly Valve with Tamper Switch,10,1,2,"85,000"
6,Grooved Type Gate Valve - 300 PSI,1,1,1,6''
6,Grooved Type Gate Valve - 300 PSI,1,1,2,"18,500"
6,Grooved Type Gate Valve - 300 PSI,1,2,1,4''
6,Grooved Type Gate Valve - 300 PSI,1,2,2,"12,000"
6,Grooved Type Gate Valve - 300 PSI,1,3,1,3''
6,Grooved Type Gate Valve - 300 PSI,1,3,2,"10,800"
6,Grooved Type Gate Valve - 300 PSI,2,1,1,8''
6,Grooved Type Gate Valve - 300 PSI,2,1,2,"260,400"
6,Grooved Type Gate Valve - 300 PSI,2,2,1,6''
6,Grooved Type Gate Valve - 300 PSI,2,2,2,"215,250"
6,Grooved Type Gate Valve - 300 PSI,2,3,1,4''
6,Grooved Type Gate Valve - 300 PSI,2,3,2,"173,250"
6,Grooved Type Gate Valve - 300 PSI,2,4,1,3''
6,Grooved Type Gate Valve - 300 PSI,2,4,2,"149,100"
6,Grooved Type Gate Valve - 300 PSI,3,1,1,21/2
6,Grooved Type Gate Valve - 300 PSI,3,1,2,"139,400"
6,Grooved Type Gate Valve - 300 PSI,4,1,1,5''
6,Grooved Type Gate Valve - 300 PSI,4,1,2,"195,400"
7,Butterfly Valve with Tamper Switch,1,1,1,6''
7,Butterfly Valve with Tamper Switch,1,1,2,"12,500"
7,Butterfly Valve with Tamper Switch,1,2,1,4''
7,Butterfly Valve with Tamper Switch,1,2,2,"9,500"
7,Butterfly Valve with Tamper Switch,1,3,1,3''
7,Butterfly Valve with Tamper Switch,1,3,2,"7,800"
7,Butterfly Valve with Tamper Switch,2,1,1,6''
7,Butterfly Valve with Tamper Switch,2,1,2,
7,Butterfly Valve with Tamper Switch,2,2,1,4''
7,Butterfly Valve with Tamper Switch,2,2,2,
7,Butterfly Valve with Tamper Switch,2,3,1,3''
7,Butterfly Valve with Tamper Switch,2,3,2,
7,Butterfly Valve with Tamper Switch,3,1,1,8''
7,Butterfly Valve with Tamper Switch,3,1,2,"32,075"
7,Butterfly Valve with Tamper Switch,3,2,1,6''
7,Butterfly Valve with Tamper Switch,3,2,2,"19,700"
7,Butterfly Valve with Tamper Switch,3,3,1,4''
7,Butterfly Valve with Tamper Switch,3,3,2,"12,700"
7,Butterfly Valve with Tamper Switch,3,4,1,3''
7,Butterfly Valve with Tamper Switch,3,4,2,"8,700"
7,Butterfly Valve with Tamper Switch,4,1,1,8''
7,Butterfly Valve with Tamper Switch,4,1,2,"18,000"
7,Butterfly Valve with Tamper Switch,4,2,1,6''
7,Butterfly Valve with Tamper Switch,4,2,2,"12,400"
7,Butterfly Valve with Tamper Switch,4,3,1,4''
7,Butterfly Valve with Tamper Switch,4,3,2,"6,500"
7,Butterfly Valve with Tamper Switch,4,4,1,3''
7,Butterfly Valve with Tamper Switch,4,4,2,"5,600"
7,Butterfly Valve with Tamper Switch,5,1,1,8''
7,Butterfly Valve with Tamper Switch,5,1,2,"30,000"
7,Butterfly Valve with Tamper Switch,5,2,1,6''
7,Butterfly Valve with Tamper Switch,5,2,2,"18,900"
7,Butterfly Valve with Tamper Switch,5,3,1,4''
7,Butterfly Valve with Tamper Switch,5,3,2,"12,000"
7,Butterfly Valve with Tamper Switch,5,4,1,3''
7,Butterfly Valve with Tamper Switch,5,4,2,"9,000"
7,Butterfly Valve with Tamper Switch,6,1,1,8''
7,Butterfly Valve with Tamper Switch,6,1,2,"18,000"
7,Butterfly Valve with Tamper Switch,6,2,1,6''
7,Butterfly Valve with Tamper Switch,6,2,2,"12,400"
7,Butterfly Valve with Tamper Switch,6,3,1,4''
7,Butterfly Valve with Tamper Switch,6,3,2,"6,500"
7,Butterfly Valve with Tamper Switch,6,4,1,3''
7,Butterfly Valve with Tamper Switch,6,4,2,"5,600"
7,Butterfly Valve with Tamper Switch,7,1,1,8''
7,Butterfly Valve with Tamper Switch,7,1,2,"16,800"
8,WATER METER | CLINTON WOLTMAN,1,1,1,
8,WATER METER | CLINTON WOLTMAN,1,1,2,"CLINTON
Non- Rising
Gate Valve"
8,WATER METER | CLINTON WOLTMAN,1,2,1,8''
8,WATER METER | CLINTON WOLTMAN,1,2,2,"19,800"
8,WATER METER | CLINTON WOLTMAN,1,3,1,6''
8,WATER METER | CLINTON WOLTMAN,1,3,2,"10,500"
8,WATER METER | CLINTON WOLTMAN,1,4,1,4''
8,WATER METER | CLINTON WOLTMAN,1,4,2,"5,800"
8,WATER METER | CLINTON WOLTMAN,1,5,1,3''
8,WATER METER | CLINTON WOLTMAN,1,5,2,"4,800"
8,WATER METER | CLINTON WOLTMAN,1,6,1,2 ½''
8,WATER METER | CLINTON WOLTMAN,1,6,2,"3,900"
8,WATER METER | CLINTON WOLTMAN,1,7,1,2''
8,WATER METER | CLINTON WOLTMAN,1,7,2,"3,200"
8,WATER METER | CLINTON WOLTMAN,2,1,1,
8,WATER METER | CLINTON WOLTMAN,2,1,2,"CLINTON
Rising
Gate Valve"
8,WATER METER | CLINTON WOLTMAN,2,2,1,8''
8,WATER METER | CLINTON WOLTMAN,2,2,2,"19,800"
8,WATER METER | CLINTON WOLTMAN,2,3,1,6''
8,WATER METER | CLINTON WOLTMAN,2,3,2,"10,500"
8,WATER METER | CLINTON WOLTMAN,2,4,1,4''
8,WATER METER | CLINTON WOLTMAN,2,4,2,"5,800"
8,WATER METER | CLINTON WOLTMAN,2,5,1,3''
8,WATER METER | CLINTON WOLTMAN,2,5,2,"4,800"
8,WATER METER | CLINTON WOLTMAN,2,6,1,2 ½''
8,WATER METER | CLINTON WOLTMAN,2,6,2,"3,900"
8,WATER METER | CLINTON WOLTMAN,2,7,1,2''
8,WATER METER | CLINTON WOLTMAN,2,7,2,"3,200"
8,WATER METER | CLINTON WOLTMAN,3,1,1,
8,WATER METER | CLINTON WOLTMAN,3,1,2,Rising
8,WATER METER | CLINTON WOLTMAN,3,2,1,12''
8,WATER METER | CLINTON WOLTMAN,3,2,2,"37,915"
8,WATER METER | CLINTON WOLTMAN,3,3,1,10''
8,WATER METER | CLINTON WOLTMAN,3,3,2,"29,315"
8,WATER METER | CLINTON WOLTMAN,3,4,1,
8,WATER METER | CLINTON WOLTMAN,3,4,2,NON RISING
8,WATER METER | CLINTON WOLTMAN,3,5,1,12''
8,WATER METER | CLINTON WOLTMAN,3,5,2,"35,335"
8,WATER METER | CLINTON WOLTMAN,3,6,1,10''
8,WATER METER | CLINTON WOLTMAN,3,6,2,"27,849"
8,WATER METER | CLINTON WOLTMAN,3,7,1,
8,WATER METER | CLINTON WOLTMAN,3,7,2,
8,WATER METER | CLINTON WOLTMAN,4,1,1,AIR GUAGE
8,WATER METER | CLINTON WOLTMAN,4,1,2,CRAFT & KENNEDY
8,WATER METER | CLINTON WOLTMAN,4,2,1,8''
8,WATER METER | CLINTON WOLTMAN,4,2,2,
8,WATER METER | CLINTON WOLTMAN,4,3,1,6''
8,WATER METER | CLINTON WOLTMAN,4,3,2,
8,WATER METER | CLINTON WOLTMAN,4,4,1,4''
8,WATER METER | CLINTON WOLTMAN,4,4,2,550
8,WATER METER | CLINTON WOLTMAN,4,5,1,3''
8,WATER METER | CLINTON WOLTMAN,4,5,2,450
8,WATER METER | CLINTON WOLTMAN,4,6,1,2 ½''
8,WATER METER | CLINTON WOLTMAN,4,6,2,315
8,WATER METER | CLINTON WOLTMAN,4,7,1,2''
8,WATER METER | CLINTON WOLTMAN,4,7,2,200
8,WATER METER | CLINTON WOLTMAN,5,1,1,WATER METER
8,WATER METER | CLINTON WOLTMAN,5,1,2,CLINTON WOLTMAN
8,WATER METER | CLINTON WOLTMAN,5,2,1,8''
8,WATER METER | CLINTON WOLTMAN,5,2,2,"61,500"
8,WATER METER | CLINTON WOLTMAN,5,3,1,6''
8,WATER METER | CLINTON WOLTMAN,5,3,2,"47,500"
8,WATER METER | CLINTON WOLTMAN,5,4,1,4''
8,WATER METER | CLINTON WOLTMAN,5,4,2,"23,500"
8,WATER METER | CLINTON WOLTMAN,5,5,1,"3''
2''"
8,WATER METER | CLINTON WOLTMAN,5,5,2,"18,000
15,840"
8,WATER METER | CLINTON WOLTMAN,6,1,1,
8,WATER METER | CLINTON WOLTMAN,6,1,2,"CLINTON
GIBAULT"
8,WATER METER | CLINTON WOLTMAN,6,2,1,6''
8,WATER METER | CLINTON WOLTMAN,6,2,2,4800
8,WATER METER | CLINTON WOLTMAN,6,3,1,4''
8,WATER METER | CLINTON WOLTMAN,6,3,2,3260
8,WATER METER | CLINTON WOLTMAN,6,4,1,3''
8,WATER METER | CLINTON WOLTMAN,6,4,2,2400
8,WATER METER | CLINTON WOLTMAN,6,5,1,2 ½''
8,WATER METER | CLINTON WOLTMAN,6,5,2,2100
8,WATER METER | CLINTON WOLTMAN,6,6,1,2''
8,WATER METER | CLINTON WOLTMAN,6,6,2,1800
9,Universal Flange Adaptor,1,1,1,
9,Universal Flange Adaptor,1,1,2,Kennedy Vertical Check Valve
9,Universal Flange Adaptor,1,2,1,8''
9,Universal Flange Adaptor,1,2,2,"18,370"
9,Universal Flange Adaptor,1,3,1,6''
9,Universal Flange Adaptor,1,3,2,"10,200"
9,Universal Flange Adaptor,1,4,1,4''
9,Universal Flange Adaptor,1,4,2,"7,150"
9,Universal Flange Adaptor,1,5,1,3''
9,Universal Flange Adaptor,1,5,2,"4,620"
9,Universal Flange Adaptor,1,6,1,2 ½''
9,Universal Flange Adaptor,1,6,2,"3,850"
9,Universal Flange Adaptor,1,7,1,2''
9,Universal Flange Adaptor,1,7,2,"3,245"
9,Universal Flange Adaptor,2,1,1,
9,Universal Flange Adaptor,2,1,2,Universal Flange Adaptor
9,Universal Flange Adaptor,2,2,1,8''
9,Universal Flange Adaptor,2,2,2,"8,600"
9,Universal Flange Adaptor,2,3,1,6''
9,Universal Flange Adaptor,2,3,2,"4,950"
9,Universal Flange Adaptor,2,4,1,4''
9,Universal Flange Adaptor,2,4,2,"3,900"
9,Universal Flange Adaptor,2,5,1,3''
9,Universal Flange Adaptor,2,5,2,"3,400"
9,Universal Flange Adaptor,2,6,1,2 ½''
9,Universal Flange Adaptor,2,6,2,"2,950"
9,Universal Flange Adaptor,2,7,1,2''
9,Universal Flange Adaptor,2,7,2,"2,600"
9,Universal Flange Adaptor,3,1,1,10''
9,Universal Flange Adaptor,3,1,2,"14,585"
9,Universal Flange Adaptor,4,1,1,"HYDRANT
KENNEDY"
9,Universal Flange Adaptor,4,1,2,
9,Universal Flange Adaptor,4,2,1,4 X 2 ½ X 2 ½
9,Universal Flange Adaptor,4,2,2,"28,000"
9,Universal Flange Adaptor,4,3,1,6 X 2 ½ X 2 ½
9,Universal Flange Adaptor,4,3,2,"35,000"
9,Universal Flange Adaptor,5,1,1,FIRE WATER MONITOR
9,Universal Flange Adaptor,5,1,2,
9,Universal Flange Adaptor,5,2,1,"3''
20-40 LPM"
9,Universal Flange Adaptor,5,2,2,"35,000"
9,Universal Flange Adaptor,6,1,1,4''
9,Universal Flange Adaptor,6,1,2,"4,500"
9,Universal Flange Adaptor,6,2,1,6''
9,Universal Flange Adaptor,6,2,2,"7,500"
9,Universal Flange Adaptor,7,1,1,"FIRE HYDRANT
HYFLO"
9,Universal Flange Adaptor,7,1,2,
9,Universal Flange Adaptor,7,2,1,4 X 2 ½ X 2 ½
9,Universal Flange Adaptor,7,2,2,"28,000"
9,Universal Flange Adaptor,7,3,1,6 X 2 ½ X 2 ½
9,Universal Flange Adaptor,7,3,2,"35,000"
9,Universal Flange Adaptor,8,1,1,FLANGE TYPE
9,Universal Flange Adaptor,8,1,2,Kennedy AIR RELEASE VALVE
9,Universal Flange Adaptor,8,2,1,6''
9,Universal Flange Adaptor,8,2,2,"13,200"
9,Universal Flange Adaptor,8,3,1,4''
9,Universal Flange Adaptor,8,3,2,"9,550"
9,Universal Flange Adaptor,8,4,1,3''
9,Universal Flange Adaptor,8,4,2,"7,820"
9,Universal Flange Adaptor,8,5,1,2 ½''
9,Universal Flange Adaptor,8,5,2,"6,850"
9,Universal Flange Adaptor,8,6,1,2''
9,Universal Flange Adaptor,8,6,2,"5,665"
10,"Inspector test Valve BH Brand 1'' – 4,800",1,1,1,HYDRANT
10,"Inspector test Valve BH Brand 1'' – 4,800",1,1,2,
10,"Inspector test Valve BH Brand 1'' – 4,800",1,2,1,4 X 2 ½
10,"Inspector test Valve BH Brand 1'' – 4,800",1,2,2,"19,000"
10,"Inspector test Valve BH Brand 1'' – 4,800",1,3,1,3 X 2 ½
10,"Inspector test Valve BH Brand 1'' – 4,800",1,3,2,"17,000"
10,"Inspector test Valve BH Brand 1'' – 4,800",2,1,1,"CLA-VAL
Relief Valve"
10,"Inspector test Valve BH Brand 1'' – 4,800",2,1,2,ul/fm
10,"Inspector test Valve BH Brand 1'' – 4,800",2,2,1,3''
10,"Inspector test Valve BH Brand 1'' – 4,800",2,2,2,"190,000"
10,"Inspector test Valve BH Brand 1'' – 4,800",2,3,1,4''
10,"Inspector test Valve BH Brand 1'' – 4,800",2,3,2,"220,000"
10,"Inspector test Valve BH Brand 1'' – 4,800",3,1,1,6''
10,"Inspector test Valve BH Brand 1'' – 4,800",3,1,2,"280,000"
10,"Inspector test Valve BH Brand 1'' – 4,800",4,1,1,8''
10,"Inspector test Valve BH Brand 1'' – 4,800",4,1,2,"410,000"
10,"Inspector test Valve BH Brand 1'' – 4,800",5,1,1,
10,"Inspector test Valve BH Brand 1'' – 4,800",5,1,2,length
10,"Inspector test Valve BH Brand 1'' – 4,800",5,1,3,price
10,"Inspector test Valve BH Brand 1'' – 4,800",5,2,1,1'' x ½
10,"Inspector test Valve BH Brand 1'' – 4,800",5,2,2,1.2 meters
10,"Inspector test Valve BH Brand 1'' – 4,800",5,2,3,"1,380.00"
10,"Inspector test Valve BH Brand 1'' – 4,800",5,3,1,1'' x ¾
10,"Inspector test Valve BH Brand 1'' – 4,800",5,3,2,1.5 meters
10,"Inspector test Valve BH Brand 1'' – 4,800",5,3,3,"1,650.00"
10,"Inspector test Valve BH Brand 1'' – 4,800",5,4,1,1'' x 1
10,"Inspector test Valve BH Brand 1'' – 4,800",5,4,2,1.8 meters
10,"Inspector test Valve BH Brand 1'' – 4,800",5,4,3,"1,800.00"
11,BUTTERFLY VALVE,1,1,1,
11,BUTTERFLY VALVE,1,1,2,NON-UL
11,BUTTERFLY VALVE,1,1,3,MECH
11,BUTTERFLY VALVE,1,2,1,10''
11,BUTTERFLY VALVE,1,2,2,
11,BUTTERFLY VALVE,1,2,3,"10,500"
11,BUTTERFLY VALVE,1,3,1,12''
11,BUTTERFLY VALVE,1,3,2,
11,BUTTERFLY VALVE,1,3,3,"16,500"
11,BUTTERFLY VALVE,2,1,1,
11,BUTTERFLY VALVE,2,1,2,KENNEDY
11,BUTTERFLY VALVE,2,1,3,MECH
11,BUTTERFLY VALVE,2,2,1,10''
11,BUTTERFLY VALVE,2,2,2,"47,500"
11,BUTTERFLY VALVE,2,2,3,"60,000"
11,BUTTERFLY VALVE,2,3,1,12''
11,BUTTERFLY VALVE,2,3,2,"65,000"
11,BUTTERFLY VALVE,2,3,3,"79,000"
11,BUTTERFLY VALVE,3,1,1,230 PSI
11,BUTTERFLY VALVE,3,1,2,KENNEDY
11,BUTTERFLY VALVE,3,1,3,MECH
11,BUTTERFLY VALVE,3,2,1,10''
11,BUTTERFLY VALVE,3,2,2,"220,000"
11,BUTTERFLY VALVE,3,2,3,"260,000"
11,BUTTERFLY VALVE,3,3,1,12''
11,BUTTERFLY VALVE,3,3,2,"285,000"
11,BUTTERFLY VALVE,3,3,3,"330,000"
11,BUTTERFLY VALVE,4,1,1,230 PSI
11,BUTTERFLY VALVE,4,1,2,KENNEDY
11,BUTTERFLY VALVE,4,1,3,APC
11,BUTTERFLY VALVE,4,2,1,2 ½ ''
11,BUTTERFLY VALVE,4,2,2,"25,500"
11,BUTTERFLY VALVE,4,2,3,"139,400"
11,BUTTERFLY VALVE,4,3,1,3''
11,BUTTERFLY VALVE,4,3,2,"28,000"
11,BUTTERFLY VALVE,4,3,3,"149,100"
11,BUTTERFLY VALVE,5,1,1,4''
11,BUTTERFLY VALVE,5,1,2,"35,500"
11,BUTTERFLY VALVE,5,1,3,"173,250"
11,BUTTERFLY VALVE,5,2,1,6''
11,BUTTERFLY VALVE,5,2,2,"48,000"
11,BUTTERFLY VALVE,5,2,3,"215,250"
11,BUTTERFLY VALVE,6,1,1,OS & Y
11,BUTTERFLY VALVE,6,1,2,HYFLO
11,BUTTERFLY VALVE,6,2,1,10''
11,BUTTERFLY VALVE,6,2,2,"59,500"
11,BUTTERFLY VALVE,6,3,1,12''
11,BUTTERFLY VALVE,6,3,2,"92,000"
11,BUTTERFLY VALVE,7,1,1,8''
11,BUTTERFLY VALVE,7,1,2,"68,250"
11,BUTTERFLY VALVE,7,1,3,"260,400"
11,BUTTERFLY VALVE,8,1,1,"VALMATIC
Air Release Valve"
11,BUTTERFLY VALVE,8,1,2,
11,BUTTERFLY VALVE,8,2,1,1''
11,BUTTERFLY VALVE,8,2,2,"6,800"
12,Empty Tank,1,1,1,
12,Empty Tank,1,1,2,ABC
12,Empty Tank,1,2,1,10 LBS
12,Empty Tank,1,2,2,310
12,Empty Tank,1,3,1,20 LBS
12,Empty Tank,1,3,2,480
12,Empty Tank,1,4,1,50 LBS
12,Empty Tank,1,4,2,
12,Empty Tank,2,1,1,
12,Empty Tank,2,1,2,HCFC 123
12,Empty Tank,2,2,1,10 LBS
12,Empty Tank,2,2,2,430
12,Empty Tank,2,3,1,20 LBS
12,Empty Tank,2,3,2,640
12,Empty Tank,2,4,1,50 LBS
12,Empty Tank,2,4,2,
12,Empty Tank,3,1,1,CEILING
12,Empty Tank,3,1,2,HCFC 123
12,Empty Tank,3,2,1,10 LBS
12,Empty Tank,3,2,2,
12,Empty Tank,3,3,1,20 LBS
12,Empty Tank,3,3,2,
12,Empty Tank,4,1,1,12''
12,Empty Tank,4,1,2,"65,000"
12,Empty Tank,5,1,1,
12,Empty Tank,5,1,2,HYFLO
12,Empty Tank,5,2,1,8''
12,Empty Tank,5,2,2,"34,000"
12,Empty Tank,5,3,1,6''
12,Empty Tank,5,3,2,"18,500"
12,Empty Tank,5,4,1,4''
12,Empty Tank,5,4,2,"14,500"
12,Empty Tank,5,5,1,3''
12,Empty Tank,5,5,2,"11,500"
12,Empty Tank,5,6,1,2 ½''
12,Empty Tank,5,6,2,"9,500"
12,Empty Tank,5,7,1,10''
12,Empty Tank,5,7,2,"46,200"
12,Empty Tank,6,1,1,
12,Empty Tank,6,1,2,HYFLO
12,Empty Tank,6,2,1,8''
12,Empty Tank,6,2,2,"64,000"
12,Empty Tank,6,3,1,6''
12,Empty Tank,6,3,2,"48,500"
12,Empty Tank,6,4,1,4''
12,Empty Tank,6,4,2,"35,000"
12,Empty Tank,6,5,1,3''
12,Empty Tank,6,5,2,"24,500"
12,Empty Tank,6,6,1,2 ½''
12,Empty Tank,6,6,2,"17,500"
12,Empty Tank,6,7,1,10''
12,Empty Tank,6,7,2,"76,200"
12,Empty Tank,7,1,1,12''
12,Empty Tank,7,1,2,"95,000"
12,Empty Tank,8,1,1,
12,Empty Tank,8,1,2,HYFLO
12,Empty Tank,8,2,1,8''
12,Empty Tank,8,2,2,"32,000"
12,Empty Tank,8,3,1,6''
12,Empty Tank,8,3,2,"19,500"
12,Empty Tank,8,4,1,4''
12,Empty Tank,8,4,2,"14,500"
12,Empty Tank,8,5,1,3''
12,Empty Tank,8,5,2,"10,500"
12,Empty Tank,8,6,1,2 ½''
12,Empty Tank,8,6,2,"9,500"
12,Empty Tank,8,7,1,10''
12,Empty Tank,8,7,2,"43,000"
12,Empty Tank,9,1,1,
12,Empty Tank,9,1,2,CO2
12,Empty Tank,9,2,1,10 LBS
12,Empty Tank,9,2,2,"5,500"
12,Empty Tank,9,3,1,20 LBS
12,Empty Tank,9,3,2,"8,450"
12,Empty Tank,9,4,1,100 LBS
12,Empty Tank,9,4,2,"49,400"
12,Empty Tank,10,1,1,50 LBS
12,Empty Tank,10,1,2,"42,000"
12,Empty Tank,11,1,1,
12,Empty Tank,11,1,2,WATER METER
12,Empty Tank,11,2,1,2''
12,Empty Tank,11,2,2,"7,800"
12,Empty Tank,11,3,1,1 ½
12,Empty Tank,11,3,2,"5,200"
12,Empty Tank,11,4,1,1 ¼
12,Empty Tank,11,4,2,"3,500"
12,Empty Tank,11,5,1,1''
12,Empty Tank,11,5,2,"1,600"
12,Empty Tank,11,6,1,¾
12,Empty Tank,11,6,2,"1,400"
12,Empty Tank,11,7,1,½
12,Empty Tank,11,7,2,"1,100"
12,Empty Tank,11,8,1,
12,Empty Tank,11,8,2,
13,SPRINKLER HEADS,1,1,1,"Red Bulb - 5mm
Standard 155 F"
13,SPRINKLER HEADS,1,1,2,"PENDENT
GLOBE"
13,SPRINKLER HEADS,1,1,3,UPRIGHT GLOBE
13,SPRINKLER HEADS,1,1,4,"SIDEWALL
GLOBE"
13,SPRINKLER HEADS,1,2,1,½
13,SPRINKLER HEADS,1,2,2,140
13,SPRINKLER HEADS,1,2,3,130
13,SPRINKLER HEADS,1,2,4,180
13,SPRINKLER HEADS,1,3,1,¾
13,SPRINKLER HEADS,1,3,2,340
13,SPRINKLER HEADS,1,3,3,325
13,SPRINKLER HEADS,1,3,4,385
13,SPRINKLER HEADS,1,4,1,"Red Bulb - 3mm
Quick Res. 155 F"
13,SPRINKLER HEADS,1,4,2,"PENDENT
GLOBE"
13,SPRINKLER HEADS,1,4,3,UPRIGHT GLOBE
13,SPRINKLER HEADS,1,4,4,SIDEWALL GLOBE
13,SPRINKLER HEADS,1,5,1,½
13,SPRINKLER HEADS,1,5,2,410
13,SPRINKLER HEADS,1,5,3,385
13,SPRINKLER HEADS,1,5,4,455
13,SPRINKLER HEADS,1,6,1,¾
13,SPRINKLER HEADS,1,6,2,645
13,SPRINKLER HEADS,1,6,3,620
13,SPRINKLER HEADS,1,6,4,670
13,SPRINKLER HEADS,2,1,1,Green 5mm
13,SPRINKLER HEADS,2,1,2,Standard
13,SPRINKLER HEADS,2,1,3,155 F
13,SPRINKLER HEADS,2,1,4,
13,SPRINKLER HEADS,2,2,1,½
13,SPRINKLER HEADS,2,2,2,215
13,SPRINKLER HEADS,2,2,3,195
13,SPRINKLER HEADS,2,2,4,250
13,SPRINKLER HEADS,2,3,1,¾
13,SPRINKLER HEADS,2,3,2,395
13,SPRINKLER HEADS,2,3,3,370
13,SPRINKLER HEADS,2,3,4,420
13,SPRINKLER HEADS,3,1,1,"Red Bulb - 5mm
Standard 155 F"
13,SPRINKLER HEADS,3,1,2,"PENDENT
NON-UL"
13,SPRINKLER HEADS,3,1,3,"UPRIGHT
NON-UL"
13,SPRINKLER HEADS,3,1,4,"SIDEWALL
NON-UL"
13,SPRINKLER HEADS,3,2,1,½
13,SPRINKLER HEADS,3,2,2,120
13,SPRINKLER HEADS,3,2,3,95
13,SPRINKLER HEADS,3,2,4,145
13,SPRINKLER HEADS,3,3,1,¾
13,SPRINKLER HEADS,3,3,2,280
13,SPRINKLER HEADS,3,3,3,260
13,SPRINKLER HEADS,3,3,4,310
13,SPRINKLER HEADS,4,1,1,
13,SPRINKLER HEADS,4,1,2,"PENDENT
GLOBE"
13,SPRINKLER HEADS,4,1,3,"PENDENT
CHINA"
13,SPRINKLER HEADS,4,2,1,½
13,SPRINKLER HEADS,4,2,2,720
13,SPRINKLER HEADS,4,2,3,530
13,SPRINKLER HEADS,5,1,1,PLATE ONLY
13,SPRINKLER HEADS,5,1,2,PENDENT
13,SPRINKLER HEADS,5,1,3,SIDEWALL
13,SPRINKLER HEADS,5,2,1,½
13,SPRINKLER HEADS,5,2,2,30
13,SPRINKLER HEADS,5,2,3,30
13,SPRINKLER HEADS,5,3,1,¾
13,SPRINKLER HEADS,5,3,2,35
13,SPRINKLER HEADS,5,3,3,35
13,SPRINKLER HEADS,6,1,1,"Red Bulb - 5mm
Standard 155 F"
13,SPRINKLER HEADS,6,1,2,"PENDENT
VIC"
13,SPRINKLER HEADS,6,1,3,UPRIGHT VIC
13,SPRINKLER HEADS,6,1,4,"SIDEWALL
VIC"
13,SPRINKLER HEADS,6,2,1,½
13,SPRINKLER HEADS,6,2,2,170
13,SPRINKLER HEADS,6,2,3,160
13,SPRINKLER HEADS,6,2,4,210
13,SPRINKLER HEADS,6,3,1,¾
13,SPRINKLER HEADS,6,3,2,365
13,SPRINKLER HEADS,6,3,3,350
13,SPRINKLER HEADS,6,3,4,410
13,SPRINKLER HEADS,6,4,1,"Red Bulb - 5mm
Stanard 155 F"
13,SPRINKLER HEADS,6,4,2,"PENDENT
VIKING"
13,SPRINKLER HEADS,6,4,3,UPRIGHT VIKING
13,SPRINKLER HEADS,6,4,4,SIDEWALL VIKING
13,SPRINKLER HEADS,6,5,1,½
13,SPRINKLER HEADS,6,5,2,180
13,SPRINKLER HEADS,6,5,3,170
13,SPRINKLER HEADS,6,5,4,220
13,SPRINKLER HEADS,6,6,1,¾
13,SPRINKLER HEADS,6,6,2,365
13,SPRINKLER HEADS,6,6,3,350
13,SPRINKLER HEADS,6,6,4,410
13,SPRINKLER HEADS,7,1,1,
13,SPRINKLER HEADS,7,1,2,"PENDENT
TYCO"
13,SPRINKLER HEADS,7,1,3,PENDENT
13,SPRINKLER HEADS,7,2,1,½
13,SPRINKLER HEADS,7,2,2,950
13,SPRINKLER HEADS,7,2,3,
13,SPRINKLER HEADS,8,1,1,Red Bulb - 5mm
13,SPRINKLER HEADS,8,1,2,K -11.2
13,SPRINKLER HEADS,8,1,3,VICTUALIC
13,SPRINKLER HEADS,8,1,4,VIKING
13,SPRINKLER HEADS,8,2,1,¾
13,SPRINKLER HEADS,8,2,2,
13,SPRINKLER HEADS,8,2,3,475
13,SPRINKLER HEADS,8,2,4,485
14,BUTTERFLY VALVE,1,1,1,
14,BUTTERFLY VALVE,1,1,2,"CLINTON
Non- UL"
14,BUTTERFLY VALVE,1,1,3,"SMITH-USA
NON-UL"
14,BUTTERFLY VALVE,1,1,4,HYFLO/MECHUL/FM
14,BUTTERFLY VALVE,1,2,1,8''
14,BUTTERFLY VALVE,1,2,2,"7,800"
14,BUTTERFLY VALVE,1,2,3,
14,BUTTERFLY VALVE,1,2,4,"9,600"
14,BUTTERFLY VALVE,1,3,1,6''
14,BUTTERFLY VALVE,1,3,2,"5,000"
14,BUTTERFLY VALVE,1,3,3,"5,565"
14,BUTTERFLY VALVE,1,3,4,"6,075"
14,BUTTERFLY VALVE,1,4,1,4''
14,BUTTERFLY VALVE,1,4,2,"2,900"
14,BUTTERFLY VALVE,1,4,3,"3,700"
14,BUTTERFLY VALVE,1,4,4,"4,400"
14,BUTTERFLY VALVE,1,5,1,3''
14,BUTTERFLY VALVE,1,5,2,"2,550"
14,BUTTERFLY VALVE,1,5,3,"3,400"
14,BUTTERFLY VALVE,1,5,4,"3,900"
14,BUTTERFLY VALVE,1,6,1,2 ½''
14,BUTTERFLY VALVE,1,6,2,"2,200"
14,BUTTERFLY VALVE,1,6,3,"2,950"
14,BUTTERFLY VALVE,1,6,4,"3,300"
14,BUTTERFLY VALVE,1,7,1,2''
14,BUTTERFLY VALVE,1,7,2,"1,900"
14,BUTTERFLY VALVE,1,7,3,"2,700"
14,BUTTERFLY VALVE,1,7,4,"3,100"
14,BUTTERFLY VALVE,2,1,1,
14,BUTTERFLY VALVE,2,1,2,"CLINTON
Non- UL"
14,BUTTERFLY VALVE,2,2,1,8''
14,BUTTERFLY VALVE,2,2,2,
14,BUTTERFLY VALVE,2,3,1,6''
14,BUTTERFLY VALVE,2,3,2,"35,000"
14,BUTTERFLY VALVE,2,4,1,4''
14,BUTTERFLY VALVE,2,4,2,"28,000"
14,BUTTERFLY VALVE,2,5,1,3''
14,BUTTERFLY VALVE,2,5,2,"25,000"
14,BUTTERFLY VALVE,2,6,1,2 ½''
14,BUTTERFLY VALVE,2,6,2,"18,500"
14,BUTTERFLY VALVE,2,7,1,2''
14,BUTTERFLY VALVE,2,7,2,"17,000"
14,BUTTERFLY VALVE,3,1,1,
14,BUTTERFLY VALVE,3,1,2,"CLINTON
Non- UL"
14,BUTTERFLY VALVE,3,2,1,8''
14,BUTTERFLY VALVE,3,2,2,"28,500"
14,BUTTERFLY VALVE,3,3,1,6''
14,BUTTERFLY VALVE,3,3,2,"15,000"
14,BUTTERFLY VALVE,3,4,1,4''
14,BUTTERFLY VALVE,3,4,2,"9,500"
14,BUTTERFLY VALVE,3,5,1,3''
14,BUTTERFLY VALVE,3,5,2,"8,000"
14,BUTTERFLY VALVE,3,6,1,2 ½''
14,BUTTERFLY VALVE,3,6,2,"6,500"
14,BUTTERFLY VALVE,3,7,1,10''
14,BUTTERFLY VALVE,3,7,2,"35,000"
14,BUTTERFLY VALVE,4,1,1,
14,BUTTERFLY VALVE,4,1,2,"CRAFT
Non- UL"
14,BUTTERFLY VALVE,4,2,1,8''
14,BUTTERFLY VALVE,4,2,2,
14,BUTTERFLY VALVE,4,3,1,6''
14,BUTTERFLY VALVE,4,3,2,"55,500"
14,BUTTERFLY VALVE,4,4,1,4''
14,BUTTERFLY VALVE,4,4,2,"26,800"
14,BUTTERFLY VALVE,4,5,1,3''
14,BUTTERFLY VALVE,4,5,2,"23,000"
14,BUTTERFLY VALVE,4,6,1,2 ½''
14,BUTTERFLY VALVE,4,6,2,"18,500"
14,BUTTERFLY VALVE,4,7,1,2''
14,BUTTERFLY VALVE,4,7,2,"17,000"
14,BUTTERFLY VALVE,5,1,1,
14,BUTTERFLY VALVE,5,1,2,"CLINTON
/ SMITH"
14,BUTTERFLY VALVE,5,2,1,8''
14,BUTTERFLY VALVE,5,2,2,
14,BUTTERFLY VALVE,5,3,1,6''
14,BUTTERFLY VALVE,5,3,2,"7,500"
14,BUTTERFLY VALVE,5,4,1,4''
14,BUTTERFLY VALVE,5,4,2,"3,700"
14,BUTTERFLY VALVE,5,5,1,3''
14,BUTTERFLY VALVE,5,5,2,"3,300"
14,BUTTERFLY VALVE,5,6,1,2 ½''
14,BUTTERFLY VALVE,5,6,2,"2,900"
14,BUTTERFLY VALVE,5,7,1,2''
14,BUTTERFLY VALVE,5,7,2,"2,400"
15,KITZ | CHECK VALVE | GATE VALVE | WYE-STRAINER,1,1,1,KITZ
15,KITZ | CHECK VALVE | GATE VALVE | WYE-STRAINER,1,1,2,CHECK VALVE
15,KITZ | CHECK VALVE | GATE VALVE | WYE-STRAINER,1,1,3,GATE VALVE
15,KITZ | CHECK VALVE | GATE VALVE | WYE-STRAINER,1,1,4,WYE-STRAINER
15,KITZ | CHECK VALVE | GATE VALVE | WYE-STRAINER,1,2,1,4''
15,KITZ | CHECK VALVE | GATE VALVE | WYE-STRAINER,1,2,2,"29,700"
15,KITZ | CHECK VALVE | GATE VALVE | WYE-STRAINER,1,2,3,"31,240"
15,KITZ | CHECK VALVE | GATE VALVE | WYE-STRAINER,1,2,4,
15,KITZ | CHECK VALVE | GATE VALVE | WYE-STRAINER,1,3,1,3''
15,KITZ | CHECK VALVE | GATE VALVE | WYE-STRAINER,1,3,2,"16,300"
15,KITZ | CHECK VALVE | GATE VALVE | WYE-STRAINER,1,3,3,"12,600"
15,KITZ | CHECK VALVE | GATE VALVE | WYE-STRAINER,1,3,4,
15,KITZ | CHECK VALVE | GATE VALVE | WYE-STRAINER,1,4,1,2 ½ ''
15,KITZ | CHECK VALVE | GATE VALVE | WYE-STRAINER,1,4,2,"12,600"
15,KITZ | CHECK VALVE | GATE VALVE | WYE-STRAINER,1,4,3,"7,500"
15,KITZ | CHECK VALVE | GATE VALVE | WYE-STRAINER,1,4,4,
15,KITZ | CHECK VALVE | GATE VALVE | WYE-STRAINER,1,5,1,2''
15,KITZ | CHECK VALVE | GATE VALVE | WYE-STRAINER,1,5,2,"5,900"
15,KITZ | CHECK VALVE | GATE VALVE | WYE-STRAINER,1,5,3,"4,000"
15,KITZ | CHECK VALVE | GATE VALVE | WYE-STRAINER,1,5,4,"9,840"
15,KITZ | CHECK VALVE | GATE VALVE | WYE-STRAINER,1,6,1,1 ½''
15,KITZ | CHECK VALVE | GATE VALVE | WYE-STRAINER,1,6,2,"4,400"
15,KITZ | CHECK VALVE | GATE VALVE | WYE-STRAINER,1,6,3,"2,750"
15,KITZ | CHECK VALVE | GATE VALVE | WYE-STRAINER,1,6,4,"6,500"
15,KITZ | CHECK VALVE | GATE VALVE | WYE-STRAINER,1,7,1,1 ¼ ''
15,KITZ | CHECK VALVE | GATE VALVE | WYE-STRAINER,1,7,2,"3,100"
15,KITZ | CHECK VALVE | GATE VALVE | WYE-STRAINER,1,7,3,"2,200"
15,KITZ | CHECK VALVE | GATE VALVE | WYE-STRAINER,1,7,4,"4,800"
15,KITZ | CHECK VALVE | GATE VALVE | WYE-STRAINER,2,1,1,BALL VALVE
15,KITZ | CHECK VALVE | GATE VALVE | WYE-STRAINER,2,2,1,"25,920"
15,KITZ | CHECK VALVE | GATE VALVE | WYE-STRAINER,2,3,1,"21,700"
15,KITZ | CHECK VALVE | GATE VALVE | WYE-STRAINER,2,4,1,"12,700"
15,KITZ | CHECK VALVE | GATE VALVE | WYE-STRAINER,2,5,1,"5,100"
15,KITZ | CHECK VALVE | GATE VALVE | WYE-STRAINER,2,6,1,"3,450"
15,KITZ | CHECK VALVE | GATE VALVE | WYE-STRAINER,2,7,1,"2,860"
15,KITZ | CHECK VALVE | GATE VALVE | WYE-STRAINER,3,1,1,1''
15,KITZ | CHECK VALVE | GATE VALVE | WYE-STRAINER,3,1,2,"2,130"
15,KITZ | CHECK VALVE | GATE VALVE | WYE-STRAINER,3,1,3,"1,100"
15,KITZ | CHECK VALVE | GATE VALVE | WYE-STRAINER,3,1,4,"3,490"
15,KITZ | CHECK VALVE | GATE VALVE | WYE-STRAINER,3,1,5,"1,300"
15,KITZ | CHECK VALVE | GATE VALVE | WYE-STRAINER,3,2,1,¾''
15,KITZ | CHECK VALVE | GATE VALVE | WYE-STRAINER,3,2,2,"1,280"
15,KITZ | CHECK VALVE | GATE VALVE | WYE-STRAINER,3,2,3,980
15,KITZ | CHECK VALVE | GATE VALVE | WYE-STRAINER,3,2,4,"2,100"
15,KITZ | CHECK VALVE | GATE VALVE | WYE-STRAINER,3,2,5,930
15,KITZ | CHECK VALVE | GATE VALVE | WYE-STRAINER,3,3,1,½''
15,KITZ | CHECK VALVE | GATE VALVE | WYE-STRAINER,3,3,2,880
15,KITZ | CHECK VALVE | GATE VALVE | WYE-STRAINER,3,3,3,815
15,KITZ | CHECK VALVE | GATE VALVE | WYE-STRAINER,3,3,4,"1,584"
15,KITZ | CHECK VALVE | GATE VALVE | WYE-STRAINER,3,3,5,785
15,KITZ | CHECK VALVE | GATE VALVE | WYE-STRAINER,4,1,1,
15,KITZ | CHECK VALVE | GATE VALVE | WYE-STRAINER,4,1,2,
15,KITZ | CHECK VALVE | GATE VALVE | WYE-STRAINER,4,2,1,4''
15,KITZ | CHECK VALVE | GATE VALVE | WYE-STRAINER,4,2,2,"6,380"
15,KITZ | CHECK VALVE | GATE VALVE | WYE-STRAINER,4,3,1,3''
15,KITZ | CHECK VALVE | GATE VALVE | WYE-STRAINER,4,3,2,"4,200"
15,KITZ | CHECK VALVE | GATE VALVE | WYE-STRAINER,4,4,1,2 ½ ''
15,KITZ | CHECK VALVE | GATE VALVE | WYE-STRAINER,4,4,2,"3,900"
15,KITZ | CHECK VALVE | GATE VALVE | WYE-STRAINER,4,5,1,2''
15,KITZ | CHECK VALVE | GATE VALVE | WYE-STRAINER,4,5,2,"1,900"
15,KITZ | CHECK VALVE | GATE VALVE | WYE-STRAINER,4,6,1,1 ½''
15,KITZ | CHECK VALVE | GATE VALVE | WYE-STRAINER,4,6,2,"1,700"
15,KITZ | CHECK VALVE | GATE VALVE | WYE-STRAINER,4,7,1,1 ¼ ''
15,KITZ | CHECK VALVE | GATE VALVE | WYE-STRAINER,4,7,2,"1,400"
15,KITZ | CHECK VALVE | GATE VALVE | WYE-STRAINER,5,1,1,1 ''
15,KITZ | CHECK VALVE | GATE VALVE | WYE-STRAINER,5,1,2,"1,100"
15,KITZ | CHECK VALVE | GATE VALVE | WYE-STRAINER,6,1,1,
15,KITZ | CHECK VALVE | GATE VALVE | WYE-STRAINER,6,1,2,"EASTOP
Air Release"
15,KITZ | CHECK VALVE | GATE VALVE | WYE-STRAINER,6,2,1,1''
15,KITZ | CHECK VALVE | GATE VALVE | WYE-STRAINER,6,2,2,"3,000"
15,KITZ | CHECK VALVE | GATE VALVE | WYE-STRAINER,6,3,1,11/4''
15,KITZ | CHECK VALVE | GATE VALVE | WYE-STRAINER,6,3,2,"3,750"
15,KITZ | CHECK VALVE | GATE VALVE | WYE-STRAINER,6,4,1,11/2''
15,KITZ | CHECK VALVE | GATE VALVE | WYE-STRAINER,6,4,2,"3,900"
15,KITZ | CHECK VALVE | GATE VALVE | WYE-STRAINER,6,5,1,2''
15,KITZ | CHECK VALVE | GATE VALVE | WYE-STRAINER,6,5,2,"4,000"
15,KITZ | CHECK VALVE | GATE VALVE | WYE-STRAINER,6,6,1,
15,KITZ | CHECK VALVE | GATE VALVE | WYE-STRAINER,6,6,2,
15,KITZ | CHECK VALVE | GATE VALVE | WYE-STRAINER,6,7,1,
15,KITZ | CHECK VALVE | GATE VALVE | WYE-STRAINER,6,7,2,
15,KITZ | CHECK VALVE | GATE VALVE | WYE-STRAINER,7,1,1,GLOBE VALVE
15,KITZ | CHECK VALVE | GATE VALVE | WYE-STRAINER,7,2,1,
15,KITZ | CHECK VALVE | GATE VALVE | WYE-STRAINER,7,3,1,
15,KITZ | CHECK VALVE | GATE VALVE | WYE-STRAINER,7,4,1,
15,KITZ | CHECK VALVE | GATE VALVE | WYE-STRAINER,7,5,1,"4,300"
15,KITZ | CHECK VALVE | GATE VALVE | WYE-STRAINER,7,6,1,"2,750"
15,KITZ | CHECK VALVE | GATE VALVE | WYE-STRAINER,7,7,1,"1,750"
15,KITZ | CHECK VALVE | GATE VALVE | WYE-STRAINER,8,1,1,"1,550"
15,KITZ | CHECK VALVE | GATE VALVE | WYE-STRAINER,8,2,1,
15,KITZ | CHECK VALVE | GATE VALVE | WYE-STRAINER,8,3,1,
16,UL/FM GIACOMINI,1,1,1,
16,UL/FM GIACOMINI,1,1,2,DOUBLE LL
16,UL/FM GIACOMINI,1,2,1,4''
16,UL/FM GIACOMINI,1,2,2,"12,000"
16,UL/FM GIACOMINI,1,3,1,3''
16,UL/FM GIACOMINI,1,3,2,"7,000"
16,UL/FM GIACOMINI,1,4,1,2 ½''
16,UL/FM GIACOMINI,1,4,2,"4,990"
16,UL/FM GIACOMINI,1,5,1,2''
16,UL/FM GIACOMINI,1,5,2,"2,080"
16,UL/FM GIACOMINI,2,1,1,
16,UL/FM GIACOMINI,2,1,2,UL/FM GIACOMINI
16,UL/FM GIACOMINI,2,2,1,6''
16,UL/FM GIACOMINI,2,2,2,"14,700"
16,UL/FM GIACOMINI,2,3,1,4''
16,UL/FM GIACOMINI,2,3,2,"5,500"
16,UL/FM GIACOMINI,2,4,1,3''
16,UL/FM GIACOMINI,2,4,2,"5,500"
16,UL/FM GIACOMINI,2,5,1,2 ½''
16,UL/FM GIACOMINI,2,5,2,"5,500"
16,UL/FM GIACOMINI,3,1,1,
16,UL/FM GIACOMINI,3,1,2,CLINTON
16,UL/FM GIACOMINI,3,2,1,8''
16,UL/FM GIACOMINI,3,2,2,"28,000"
16,UL/FM GIACOMINI,3,3,1,6''
16,UL/FM GIACOMINI,3,3,2,"13,500"
16,UL/FM GIACOMINI,3,4,1,4''
16,UL/FM GIACOMINI,3,4,2,"10,500"
16,UL/FM GIACOMINI,3,5,1,3''
16,UL/FM GIACOMINI,3,5,2,"8,500"
16,UL/FM GIACOMINI,3,6,1,2 ½''
16,UL/FM GIACOMINI,3,6,2,"6,200"
16,UL/FM GIACOMINI,3,7,1,12''
16,UL/FM GIACOMINI,3,7,2,"43,213"
16,UL/FM GIACOMINI,4,1,1,
16,UL/FM GIACOMINI,4,1,2,DOUBLE LL
16,UL/FM GIACOMINI,4,2,1,4''
16,UL/FM GIACOMINI,4,2,2,"10,700"
16,UL/FM GIACOMINI,4,3,1,3''
16,UL/FM GIACOMINI,4,3,2,"5,650"
16,UL/FM GIACOMINI,4,4,1,2 ½''
16,UL/FM GIACOMINI,4,4,2,"4,600"
16,UL/FM GIACOMINI,4,5,1,2''
16,UL/FM GIACOMINI,4,5,2,"2,400"
16,UL/FM GIACOMINI,5,1,1,
16,UL/FM GIACOMINI,5,1,2,CLINTON
16,UL/FM GIACOMINI,5,2,1,10''
16,UL/FM GIACOMINI,5,2,2,"36,000"
16,UL/FM GIACOMINI,5,3,1,8''
16,UL/FM GIACOMINI,5,3,2,"17,000"
16,UL/FM GIACOMINI,5,4,1,6''
16,UL/FM GIACOMINI,5,4,2,"9,000"
16,UL/FM GIACOMINI,5,5,1,4''
16,UL/FM GIACOMINI,5,5,2,"5,300"
16,UL/FM GIACOMINI,5,6,1,3''
16,UL/FM GIACOMINI,5,6,2,"4,400"
16,UL/FM GIACOMINI,5,7,1,2 ½''
16,UL/FM GIACOMINI,5,7,2,"3,500"
16,UL/FM GIACOMINI,6,1,1,2''
16,UL/FM GIACOMINI,6,1,2,"3,200"
16,UL/FM GIACOMINI,7,1,1,10''
16,UL/FM GIACOMINI,7,1,2,"32,000"
16,UL/FM GIACOMINI,8,1,1,1 1/2
16,UL/FM GIACOMINI,8,1,2,"1,250"
16,UL/FM GIACOMINI,8,2,1,1 ¼
16,UL/FM GIACOMINI,8,2,2,920
16,UL/FM GIACOMINI,8,3,1,1
16,UL/FM GIACOMINI,8,3,2,595
16,UL/FM GIACOMINI,9,1,1,1 1/2
16,UL/FM GIACOMINI,9,1,2,"1,480"
16,UL/FM GIACOMINI,9,2,1,1 ¼
16,UL/FM GIACOMINI,9,2,2,848
16,UL/FM GIACOMINI,9,3,1,1
16,UL/FM GIACOMINI,9,3,2,650/ 495
16,UL/FM GIACOMINI,10,1,1,1 1/2
16,UL/FM GIACOMINI,10,1,2,"1,460"
16,UL/FM GIACOMINI,10,2,1,1 ¼
16,UL/FM GIACOMINI,10,2,2,850
16,UL/FM GIACOMINI,10,3,1,1
16,UL/FM GIACOMINI,10,3,2,650
16,UL/FM GIACOMINI,11,1,1,
16,UL/FM GIACOMINI,11,1,2,DOUBLE LL
16,UL/FM GIACOMINI,11,2,1,4''
16,UL/FM GIACOMINI,11,2,2,"12,000"
16,UL/FM GIACOMINI,11,3,1,3''
16,UL/FM GIACOMINI,11,3,2,"7,200"
16,UL/FM GIACOMINI,11,4,1,2 ½''
16,UL/FM GIACOMINI,11,4,2,"4,600"
16,UL/FM GIACOMINI,12,1,1,2''
16,UL/FM GIACOMINI,12,1,2,"1,880"
16,UL/FM GIACOMINI,13,1,1,3/4
16,UL/FM GIACOMINI,13,1,2,540
16,UL/FM GIACOMINI,13,2,1,1/2
16,UL/FM GIACOMINI,13,2,2,475
16,UL/FM GIACOMINI,13,3,1,1/4
16,UL/FM GIACOMINI,13,3,2,400
16,UL/FM GIACOMINI,14,1,1,3/4
16,UL/FM GIACOMINI,14,1,2,580
16,UL/FM GIACOMINI,14,2,1,1/2
16,UL/FM GIACOMINI,14,2,2,490
16,UL/FM GIACOMINI,14,3,1,1/4
16,UL/FM GIACOMINI,14,3,2,430
16,UL/FM GIACOMINI,15,1,1,3/4
16,UL/FM GIACOMINI,15,1,2,540
16,UL/FM GIACOMINI,15,2,1,1/2
16,UL/FM GIACOMINI,15,2,2,475
16,UL/FM GIACOMINI,15,3,1,1/4
16,UL/FM GIACOMINI,15,3,2,440
17,PLASTIC NOZZLE 2 1/2,1,1,1,2'' usa
17,PLASTIC NOZZLE 2 1/2,1,1,2,"3,830"
17,PLASTIC NOZZLE 2 1/2,2,1,1,1 1/2
17,PLASTIC NOZZLE 2 1/2,2,1,2,"1,338"
17,PLASTIC NOZZLE 2 1/2,2,2,1,1 ¼
17,PLASTIC NOZZLE 2 1/2,2,2,2,940
17,PLASTIC NOZZLE 2 1/2,2,3,1,1
17,PLASTIC NOZZLE 2 1/2,2,3,2,620
17,PLASTIC NOZZLE 2 1/2,3,1,1,2''
17,PLASTIC NOZZLE 2 1/2,3,1,2,"1,830"
17,PLASTIC NOZZLE 2 1/2,4,1,1,NON-UL
17,PLASTIC NOZZLE 2 1/2,4,1,2,WYE STRAINER
17,PLASTIC NOZZLE 2 1/2,4,2,1,2''
17,PLASTIC NOZZLE 2 1/2,4,2,2,"1,900"
17,PLASTIC NOZZLE 2 1/2,4,3,1,1 ½''
17,PLASTIC NOZZLE 2 1/2,4,3,2,"1,100"
17,PLASTIC NOZZLE 2 1/2,4,4,1,1 ¼''
17,PLASTIC NOZZLE 2 1/2,4,4,2,880
17,PLASTIC NOZZLE 2 1/2,4,5,1,1
17,PLASTIC NOZZLE 2 1/2,4,5,2,580
17,PLASTIC NOZZLE 2 1/2,5,1,1,
17,PLASTIC NOZZLE 2 1/2,5,1,2,CLINTON
17,PLASTIC NOZZLE 2 1/2,5,2,1,10''
17,PLASTIC NOZZLE 2 1/2,5,2,2,"46,420"
17,PLASTIC NOZZLE 2 1/2,5,3,1,8''
17,PLASTIC NOZZLE 2 1/2,5,3,2,"26,170"
17,PLASTIC NOZZLE 2 1/2,5,4,1,6''
17,PLASTIC NOZZLE 2 1/2,5,4,2,"19,300"
17,PLASTIC NOZZLE 2 1/2,5,5,1,4''
17,PLASTIC NOZZLE 2 1/2,5,5,2,"10,315"
17,PLASTIC NOZZLE 2 1/2,5,6,1,3''
17,PLASTIC NOZZLE 2 1/2,5,6,2,"8,000"
17,PLASTIC NOZZLE 2 1/2,6,1,1,NON-UL
17,PLASTIC NOZZLE 2 1/2,6,1,2,Safety Valve
17,PLASTIC NOZZLE 2 1/2,6,2,1,2''
17,PLASTIC NOZZLE 2 1/2,6,2,2,"9,500"
17,PLASTIC NOZZLE 2 1/2,6,3,1,1 ½''
17,PLASTIC NOZZLE 2 1/2,6,3,2,"7,800"
17,PLASTIC NOZZLE 2 1/2,6,4,1,1 ¼''
17,PLASTIC NOZZLE 2 1/2,6,4,2,"5,900"
17,PLASTIC NOZZLE 2 1/2,6,5,1,1
17,PLASTIC NOZZLE 2 1/2,6,5,2,"4,700"
17,PLASTIC NOZZLE 2 1/2,7,1,1,
17,PLASTIC NOZZLE 2 1/2,7,1,2,"PLASTIC
NOZZLE 1 1/2"
17,PLASTIC NOZZLE 2 1/2,7,2,1,
17,PLASTIC NOZZLE 2 1/2,7,2,2,850
17,PLASTIC NOZZLE 2 1/2,8,1,1,
17,PLASTIC NOZZLE 2 1/2,8,1,2,"PLASTIC
NOZZLE 2 1/2"
17,PLASTIC NOZZLE 2 1/2,8,2,1,
17,PLASTIC NOZZLE 2 1/2,8,2,2,"2,120"
17,PLASTIC NOZZLE 2 1/2,9,1,1,
17,PLASTIC NOZZLE 2 1/2,9,1,2,FIRE BALL
17,PLASTIC NOZZLE 2 1/2,9,2,1,
17,PLASTIC NOZZLE 2 1/2,9,2,2,800
17,PLASTIC NOZZLE 2 1/2,10,1,1,
17,PLASTIC NOZZLE 2 1/2,10,1,2,FIRE AXE
17,PLASTIC NOZZLE 2 1/2,10,2,1,
17,PLASTIC NOZZLE 2 1/2,10,2,2,240
18,WINTER UL/FM,1,1,1,
18,WINTER UL/FM,1,1,2,"SNOOTS
2 1/2"
18,WINTER UL/FM,1,2,1,
18,WINTER UL/FM,1,2,2,"4,800"
18,WINTER UL/FM,2,1,1,ULFM
18,WINTER UL/FM,2,1,2,"SNOOTS
2 1/2"
18,WINTER UL/FM,2,2,1,
18,WINTER UL/FM,2,2,2,"6,200"
18,WINTER UL/FM,3,1,1,"Giacomini
FIRE HOSE VALVE 2 1/2"
18,WINTER UL/FM,3,2,1,"4,500"
18,WINTER UL/FM,4,1,1,"Giacomini
ANGLE VALVE"
18,WINTER UL/FM,4,2,1,"1 ½ - 2,700"
18,WINTER UL/FM,5,1,1,"Giacomini
GATE VALVE
1 1/2"
18,WINTER UL/FM,5,2,1,"3,600"
18,WINTER UL/FM,6,1,1,
18,WINTER UL/FM,6,1,2,NIPLEE
18,WINTER UL/FM,6,2,1,1 ½
18,WINTER UL/FM,6,2,2,800
18,WINTER UL/FM,7,1,1,
18,WINTER UL/FM,7,1,2,"Giacomini
NOZZLE"
18,WINTER UL/FM,7,2,1,1 ½
18,WINTER UL/FM,7,2,2,"1,700"
18,WINTER UL/FM,8,1,1,
18,WINTER UL/FM,8,1,2,WINTER UL/FM
18,WINTER UL/FM,8,2,1,
18,WINTER UL/FM,8,2,2,"1,800"
18,WINTER UL/FM,9,1,1,"Giacomini Restricting
ANGLE VALVE
1 1/2"
18,WINTER UL/FM,9,2,1,"2,900"
18,WINTER UL/FM,10,1,1,"2 ½ - 5,900"
18,WINTER UL/FM,11,1,1,2 ½
18,WINTER UL/FM,11,1,2,"5,100"
18,WINTER UL/FM,12,1,1,2 ½
18,WINTER UL/FM,12,1,2,"2,550"
18,WINTER UL/FM,13,1,1,"Giacomini
INSPECTOR TEST VALVE 1''"
18,WINTER UL/FM,13,2,1,"3,800"
19,"Water Flow Switch Threaded 1'' | 2,800",1,1,1,
19,"Water Flow Switch Threaded 1'' | 2,800",1,1,2,"POTTER & TEWA SPRAY
UL/FM"
19,"Water Flow Switch Threaded 1'' | 2,800",1,1,3,HYFLO
19,"Water Flow Switch Threaded 1'' | 2,800",1,1,4,"SYSTEM SENSOR
UL/FM"
19,"Water Flow Switch Threaded 1'' | 2,800",1,2,1,2''-16''
19,"Water Flow Switch Threaded 1'' | 2,800",1,2,2,"4,000"
19,"Water Flow Switch Threaded 1'' | 2,800",1,2,3,
19,"Water Flow Switch Threaded 1'' | 2,800",1,2,4,5500
19,"Water Flow Switch Threaded 1'' | 2,800",2,1,1,
19,"Water Flow Switch Threaded 1'' | 2,800",2,1,2,"CLINTON
Non- UL"
19,"Water Flow Switch Threaded 1'' | 2,800",2,1,3,"MECH
UL/ FM"
19,"Water Flow Switch Threaded 1'' | 2,800",2,1,4,SYSTEM SENSOR UL/FM
19,"Water Flow Switch Threaded 1'' | 2,800",2,2,1,6''
19,"Water Flow Switch Threaded 1'' | 2,800",2,2,2,3200
19,"Water Flow Switch Threaded 1'' | 2,800",2,2,3,3800
19,"Water Flow Switch Threaded 1'' | 2,800",2,2,4,6435
19,"Water Flow Switch Threaded 1'' | 2,800",2,3,1,4''
19,"Water Flow Switch Threaded 1'' | 2,800",2,3,2,2800
19,"Water Flow Switch Threaded 1'' | 2,800",2,3,3,3300
19,"Water Flow Switch Threaded 1'' | 2,800",2,3,4,4600
19,"Water Flow Switch Threaded 1'' | 2,800",2,4,1,3''
19,"Water Flow Switch Threaded 1'' | 2,800",2,4,2,2200
19,"Water Flow Switch Threaded 1'' | 2,800",2,4,3,2900
19,"Water Flow Switch Threaded 1'' | 2,800",2,4,4,4250
19,"Water Flow Switch Threaded 1'' | 2,800",2,5,1,2 ½''
19,"Water Flow Switch Threaded 1'' | 2,800",2,5,2,1800
19,"Water Flow Switch Threaded 1'' | 2,800",2,5,3,"2,600"
19,"Water Flow Switch Threaded 1'' | 2,800",2,5,4,3980
19,"Water Flow Switch Threaded 1'' | 2,800",3,1,1,"ANGLE VALVE- Non UL
1 1/2"
19,"Water Flow Switch Threaded 1'' | 2,800",3,2,1,"1,300"
19,"Water Flow Switch Threaded 1'' | 2,800",4,1,1,"ANGLE VALVE- Non UL
2 1/2"
19,"Water Flow Switch Threaded 1'' | 2,800",4,2,1,"6,500"
19,"Water Flow Switch Threaded 1'' | 2,800",5,1,1,FDC
19,"Water Flow Switch Threaded 1'' | 2,800",5,1,2,ROUND
19,"Water Flow Switch Threaded 1'' | 2,800",5,2,1,4''
19,"Water Flow Switch Threaded 1'' | 2,800",5,2,2,"10,500"
19,"Water Flow Switch Threaded 1'' | 2,800",6,1,1,6''
19,"Water Flow Switch Threaded 1'' | 2,800",6,1,2,"12,500"
19,"Water Flow Switch Threaded 1'' | 2,800",7,1,1,3''
19,"Water Flow Switch Threaded 1'' | 2,800",7,1,2,"10,500"
19,"Water Flow Switch Threaded 1'' | 2,800",8,1,1,"Water Flow Switch
Threaded 1''"
19,"Water Flow Switch Threaded 1'' | 2,800",8,1,2,"2,800"
20,FIRE HOSE- PUSH LOCK -CABINET 50 FT.,1,1,1,"50ft.
Single Jacket Non – UL"
20,FIRE HOSE- PUSH LOCK -CABINET 50 FT.,1,1,2,"100ft.
Single Jacket
Non – UL"
20,FIRE HOSE- PUSH LOCK -CABINET 50 FT.,1,1,3,"50ft.
Single Jacket
UL FM"
20,FIRE HOSE- PUSH LOCK -CABINET 50 FT.,1,1,4,"100ft.
Single Jacket
UL FM"
20,FIRE HOSE- PUSH LOCK -CABINET 50 FT.,1,2,1,1 ½
20,FIRE HOSE- PUSH LOCK -CABINET 50 FT.,1,2,2,1 ½
20,FIRE HOSE- PUSH LOCK -CABINET 50 FT.,1,2,3,1 ½
20,FIRE HOSE- PUSH LOCK -CABINET 50 FT.,1,2,4,1 ½
20,FIRE HOSE- PUSH LOCK -CABINET 50 FT.,1,3,1,"8,300"
20,FIRE HOSE- PUSH LOCK -CABINET 50 FT.,1,3,2,"8,680"
20,FIRE HOSE- PUSH LOCK -CABINET 50 FT.,1,3,3,"8,680"
20,FIRE HOSE- PUSH LOCK -CABINET 50 FT.,1,3,4,"9,100"
20,FIRE HOSE- PUSH LOCK -CABINET 50 FT.,2,1,1,2 ½
20,FIRE HOSE- PUSH LOCK -CABINET 50 FT.,2,1,2,2 ½
20,FIRE HOSE- PUSH LOCK -CABINET 50 FT.,2,1,3,2 ½
20,FIRE HOSE- PUSH LOCK -CABINET 50 FT.,2,1,4,2 ½
20,FIRE HOSE- PUSH LOCK -CABINET 50 FT.,2,2,1,"12,600"
20,FIRE HOSE- PUSH LOCK -CABINET 50 FT.,2,2,2,"14,500"
20,FIRE HOSE- PUSH LOCK -CABINET 50 FT.,2,2,3,"16,200"
20,FIRE HOSE- PUSH LOCK -CABINET 50 FT.,2,2,4,"18,200"
20,FIRE HOSE- PUSH LOCK -CABINET 50 FT.,3,1,1,"50ft.
Double Jacket Non – UL"
20,FIRE HOSE- PUSH LOCK -CABINET 50 FT.,3,1,2,"100ft.
Double Jacket
Non – UL"
20,FIRE HOSE- PUSH LOCK -CABINET 50 FT.,3,1,3,"50ft.
Double Jacket
UL FM"
20,FIRE HOSE- PUSH LOCK -CABINET 50 FT.,3,1,4,"100ft.
Double Jacket
UL FM"
20,FIRE HOSE- PUSH LOCK -CABINET 50 FT.,3,2,1,1 ½
20,FIRE HOSE- PUSH LOCK -CABINET 50 FT.,3,2,2,1 ½
20,FIRE HOSE- PUSH LOCK -CABINET 50 FT.,3,2,3,1 ½
20,FIRE HOSE- PUSH LOCK -CABINET 50 FT.,3,2,4,1 ½
20,FIRE HOSE- PUSH LOCK -CABINET 50 FT.,3,3,1,"10,000"
20,FIRE HOSE- PUSH LOCK -CABINET 50 FT.,3,3,2,"10,500"
20,FIRE HOSE- PUSH LOCK -CABINET 50 FT.,3,3,3,"11,500"
20,FIRE HOSE- PUSH LOCK -CABINET 50 FT.,3,3,4,"12,000"
20,FIRE HOSE- PUSH LOCK -CABINET 50 FT.,4,1,1,2 ½
20,FIRE HOSE- PUSH LOCK -CABINET 50 FT.,4,1,2,2 ½
20,FIRE HOSE- PUSH LOCK -CABINET 50 FT.,4,1,3,2 ½
20,FIRE HOSE- PUSH LOCK -CABINET 50 FT.,4,1,4,2 ½
20,FIRE HOSE- PUSH LOCK -CABINET 50 FT.,4,2,1,"14,600"
20,FIRE HOSE- PUSH LOCK -CABINET 50 FT.,4,2,2,"18,500"
20,FIRE HOSE- PUSH LOCK -CABINET 50 FT.,4,2,3,"17,200"
20,FIRE HOSE- PUSH LOCK -CABINET 50 FT.,4,2,4,"21,000"
20,FIRE HOSE- PUSH LOCK -CABINET 50 FT.,5,1,1,FIRE HOSE –KEY CABINET 100 FT.
20,FIRE HOSE- PUSH LOCK -CABINET 50 FT.,5,2,1,"2,050"
20,FIRE HOSE- PUSH LOCK -CABINET 50 FT.,6,1,1,FIRE HOSE- KEY CABINET 50 FT.
20,FIRE HOSE- PUSH LOCK -CABINET 50 FT.,6,2,1,"1,900"
20,FIRE HOSE- PUSH LOCK -CABINET 50 FT.,7,1,1,FIRE HOSE RACK 11/2 - 50 FT.
20,FIRE HOSE- PUSH LOCK -CABINET 50 FT.,7,2,1,1000
20,FIRE HOSE- PUSH LOCK -CABINET 50 FT.,8,1,1,FIRE HOSE RACK 11/2 - 100 FT.
20,FIRE HOSE- PUSH LOCK -CABINET 50 FT.,8,2,1,1100
20,FIRE HOSE- PUSH LOCK -CABINET 50 FT.,9,1,1,FIRE HOSE –PUSH LOCK -CABINET 100 FT.
20,FIRE HOSE- PUSH LOCK -CABINET 50 FT.,9,2,1,"2,700"
20,FIRE HOSE- PUSH LOCK -CABINET 50 FT.,10,1,1,FIRE HOSE- PUSH LOCK -CABINET 50 FT.
20,FIRE HOSE- PUSH LOCK -CABINET 50 FT.,10,2,1,"2,200"
20,FIRE HOSE- PUSH LOCK -CABINET 50 FT.,11,1,1,FIRE HOSE RACK 21/2 - 100 FT.
20,FIRE HOSE- PUSH LOCK -CABINET 50 FT.,11,2,1,2200
21,SINGLE JACKET 2 ½ HYFLO FIRE HOSE 50 FT.,1,1,1,"SINGLE JACKET 1 1/2 NON-UL
FIRE HOSE 50 FT."
21,SINGLE JACKET 2 ½ HYFLO FIRE HOSE 50 FT.,1,2,1,"1,790"
21,SINGLE JACKET 2 ½ HYFLO FIRE HOSE 50 FT.,2,1,1,"SINGLE JACKET 1 1/2 NON-UL
FIRE HOSE 100 FT."
21,SINGLE JACKET 2 ½ HYFLO FIRE HOSE 50 FT.,2,2,1,"1,950"
21,SINGLE JACKET 2 ½ HYFLO FIRE HOSE 50 FT.,3,1,1,"DOUBLE JACKET
1 1/2 NON-UL
FIRE HOSE 50 FT."
21,SINGLE JACKET 2 ½ HYFLO FIRE HOSE 50 FT.,3,2,1,"2,600"
21,SINGLE JACKET 2 ½ HYFLO FIRE HOSE 50 FT.,4,1,1,"DOUBLE JACKET 1 1/2 NON-UL
FIRE HOSE 100 FT."
21,SINGLE JACKET 2 ½ HYFLO FIRE HOSE 50 FT.,4,2,1,"3,050"
21,SINGLE JACKET 2 ½ HYFLO FIRE HOSE 50 FT.,5,1,1,"SINGLE JACKET 1 1/2 UL FM- HAISHEN
FIRE HOSE 50 FT."
21,SINGLE JACKET 2 ½ HYFLO FIRE HOSE 50 FT.,5,2,1,"5,000"
21,SINGLE JACKET 2 ½ HYFLO FIRE HOSE 50 FT.,6,1,1,"SINGLE JACKET 1 1/2 UL FM- HAISHEN
FIRE HOSE 100 FT."
21,SINGLE JACKET 2 ½ HYFLO FIRE HOSE 50 FT.,6,2,1,"5,800"
21,SINGLE JACKET 2 ½ HYFLO FIRE HOSE 50 FT.,7,1,1,"DOUBLE JACKET 1 1/2
UL FM- HAISHEN
FIRE HOSE 50 FT."
21,SINGLE JACKET 2 ½ HYFLO FIRE HOSE 50 FT.,7,2,1,
21,SINGLE JACKET 2 ½ HYFLO FIRE HOSE 50 FT.,8,1,1,"DOUBLE JACKET 1 1/2
UL FM – HAISHEN
FIRE HOSE 100 FT."
21,SINGLE JACKET 2 ½ HYFLO FIRE HOSE 50 FT.,8,2,1,"6,900"
21,SINGLE JACKET 2 ½ HYFLO FIRE HOSE 50 FT.,9,1,1,"DOUBLE JACKET 2 1/2
UL FM – HAISHEN
FIRE HOSE 100 FT."
21,SINGLE JACKET 2 ½ HYFLO FIRE HOSE 50 FT.,9,2,1,"11,500"
21,SINGLE JACKET 2 ½ HYFLO FIRE HOSE 50 FT.,10,1,1,"SINGLE JACKET 2 1/2
UL FM – HAISHEN
FIRE HOSE 100 FT."
21,SINGLE JACKET 2 ½ HYFLO FIRE HOSE 50 FT.,10,2,1,"9,800"
21,SINGLE JACKET 2 ½ HYFLO FIRE HOSE 50 FT.,11,1,1,"DOUBLE JACKET
2 1/2 NON-UL
FIRE HOSE 100 FT."
21,SINGLE JACKET 2 ½ HYFLO FIRE HOSE 50 FT.,11,2,1,"6,100"
21,SINGLE JACKET 2 ½ HYFLO FIRE HOSE 50 FT.,12,1,1,"DOUBLE JACKET
2 1/2 NON-UL
FIRE HOSE 50 FT."
21,SINGLE JACKET 2 ½ HYFLO FIRE HOSE 50 FT.,12,2,1,"4,400"
21,SINGLE JACKET 2 ½ HYFLO FIRE HOSE 50 FT.,13,1,1,"SINGLE JACKET
2 1/2 NON-UL
FIRE HOSE 50 FT."
21,SINGLE JACKET 2 ½ HYFLO FIRE HOSE 50 FT.,13,2,1,"3,465"
21,SINGLE JACKET 2 ½ HYFLO FIRE HOSE 50 FT.,14,1,1,"SINGLE JACKET
2 1/2 NON-UL
FIRE HOSE 100 FT."
21,SINGLE JACKET 2 ½ HYFLO FIRE HOSE 50 FT.,14,2,1,"3,990"
21,SINGLE JACKET 2 ½ HYFLO FIRE HOSE 50 FT.,15,1,1,"SINGLE JACKET
1 ½ HYFLO
FIRE HOSE 50 FT."
21,SINGLE JACKET 2 ½ HYFLO FIRE HOSE 50 FT.,15,2,1,"2,050"
21,SINGLE JACKET 2 ½ HYFLO FIRE HOSE 50 FT.,16,1,1,"SINGLE JACKET
1 ½ HYFLO
FIRE HOSE 100 FT."
21,SINGLE JACKET 2 ½ HYFLO FIRE HOSE 50 FT.,16,2,1,"2,250"
21,SINGLE JACKET 2 ½ HYFLO FIRE HOSE 50 FT.,17,1,1,"DOUBLE JACKET
1 ½ HYFLO
FIRE HOSE 50 FT."
21,SINGLE JACKET 2 ½ HYFLO FIRE HOSE 50 FT.,17,2,1,"2,900"
21,SINGLE JACKET 2 ½ HYFLO FIRE HOSE 50 FT.,18,1,1,"DOUBLE JACKET
1 ½ HYFLO
FIRE HOSE 100 FT."
21,SINGLE JACKET 2 ½ HYFLO FIRE HOSE 50 FT.,18,2,1,"3,400"
21,SINGLE JACKET 2 ½ HYFLO FIRE HOSE 50 FT.,19,1,1,"SINGLE JACKET
2 ½ HYFLO
FIRE HOSE 50 FT."
21,SINGLE JACKET 2 ½ HYFLO FIRE HOSE 50 FT.,19,2,1,"3,950"
21,SINGLE JACKET 2 ½ HYFLO FIRE HOSE 50 FT.,20,1,1,"SINGLE JACKET
2 ½ HYFLO
FIRE HOSE 100 FT."
21,SINGLE JACKET 2 ½ HYFLO FIRE HOSE 50 FT.,20,2,1,"4,800"
21,SINGLE JACKET 2 ½ HYFLO FIRE HOSE 50 FT.,21,1,1,"DOUBLE JACKET
2 ½ HYFLO
FIRE HOSE 50 FT."
21,SINGLE JACKET 2 ½ HYFLO FIRE HOSE 50 FT.,21,2,1,"5,500"
21,SINGLE JACKET 2 ½ HYFLO FIRE HOSE 50 FT.,22,1,1,"DOUBLE JACKET
2 ½ HYFLO
FIRE HOSE 100 FT."
21,SINGLE JACKET 2 ½ HYFLO FIRE HOSE 50 FT.,22,2,1,"6,800"
22,"Telephone jack | 4,950",1,1,1,ADDRESSABLE
22,"Telephone jack | 4,950",1,1,2,"ASENWARE
FP-100 Model"
22,"Telephone jack | 4,950",1,1,3,"ASENWARE
FP-300 Model"
22,"Telephone jack | 4,950",1,1,4,Kennedy
22,"Telephone jack | 4,950",1,2,1,SMOKE
22,"Telephone jack | 4,950",1,2,2,"1,890"
22,"Telephone jack | 4,950",1,2,3,1895
22,"Telephone jack | 4,950",1,2,4,1050
22,"Telephone jack | 4,950",1,3,1,Annunciator
22,"Telephone jack | 4,950",1,3,2,"24,800"
22,"Telephone jack | 4,950",1,3,3,25850
22,"Telephone jack | 4,950",1,3,4,
22,"Telephone jack | 4,950",1,4,1,Heat Detector
22,"Telephone jack | 4,950",1,4,2,"1,900"
22,"Telephone jack | 4,950",1,4,3,1950
22,"Telephone jack | 4,950",1,4,4,1050
22,"Telephone jack | 4,950",1,5,1,Manual Call Point
22,"Telephone jack | 4,950",1,5,2,"2,200"
22,"Telephone jack | 4,950",1,5,3,2150
22,"Telephone jack | 4,950",1,5,4,1300
22,"Telephone jack | 4,950",1,6,1,Horn Strobe -Siren
22,"Telephone jack | 4,950",1,6,2,"2,800"
22,"Telephone jack | 4,950",1,6,3,2850
22,"Telephone jack | 4,950",1,6,4,1400
22,"Telephone jack | 4,950",2,1,1,Control Panel
22,"Telephone jack | 4,950",2,1,2,
22,"Telephone jack | 4,950",2,1,3,
22,"Telephone jack | 4,950",2,1,4,
22,"Telephone jack | 4,950",2,2,1,1- 2 loop
22,"Telephone jack | 4,950",2,2,2,"50,000"
22,"Telephone jack | 4,950",2,2,3,"50,000"
22,"Telephone jack | 4,950",2,2,4,35k / 45k
22,"Telephone jack | 4,950",2,3,1,3 – 4 loop
22,"Telephone jack | 4,950",2,3,2,"68,000"
22,"Telephone jack | 4,950",2,3,3,"63,000"
22,"Telephone jack | 4,950",2,3,4,
22,"Telephone jack | 4,950",3,1,1,In/out module
22,"Telephone jack | 4,950",3,1,2,"3,200"
22,"Telephone jack | 4,950",3,1,3,
22,"Telephone jack | 4,950",3,1,4,1500
22,"Telephone jack | 4,950",3,2,1,Loop Module
22,"Telephone jack | 4,950",3,2,2,
22,"Telephone jack | 4,950",3,2,3,
22,"Telephone jack | 4,950",3,2,4,
22,"Telephone jack | 4,950",3,3,1,Zone Module
22,"Telephone jack | 4,950",3,3,2,
22,"Telephone jack | 4,950",3,3,3,
22,"Telephone jack | 4,950",3,3,4,
22,"Telephone jack | 4,950",4,1,1,Telephone jack
22,"Telephone jack | 4,950",4,1,2,"4,950"
22,"Telephone jack | 4,950",4,1,3,
22,"Telephone jack | 4,950",4,1,4,
22,"Telephone jack | 4,950",4,2,1,Programmer
22,"Telephone jack | 4,950",4,2,2,"8,000"
22,"Telephone jack | 4,950",4,2,3,7500
22,"Telephone jack | 4,950",4,2,4,4500
22,"Telephone jack | 4,950",4,3,1,Interface module
22,"Telephone jack | 4,950",4,3,2,
22,"Telephone jack | 4,950",4,3,3,
22,"Telephone jack | 4,950",4,3,4,1500
22,"Telephone jack | 4,950",5,1,1,Isolation Module
22,"Telephone jack | 4,950",5,1,2,
22,"Telephone jack | 4,950",5,1,3,
22,"Telephone jack | 4,950",5,1,4,1400
23,Smoke & Heat | 650,1,1,1,CONVENTIONAL
23,Smoke & Heat | 650,1,1,2,ASENWARE
23,Smoke & Heat | 650,1,1,3,CHINA
23,Smoke & Heat | 650,1,1,4,HORINGLI
23,Smoke & Heat | 650,1,2,1,SMOKE
23,Smoke & Heat | 650,1,2,2,381 - 690
23,Smoke & Heat | 650,1,2,3,480
23,Smoke & Heat | 650,1,2,4,870
23,Smoke & Heat | 650,1,3,1,SMOKE
23,Smoke & Heat | 650,1,3,2,311- 550
23,Smoke & Heat | 650,1,3,3,
23,Smoke & Heat | 650,1,3,4,
23,Smoke & Heat | 650,1,4,1,Heat Detector
23,Smoke & Heat | 650,1,4,2,660
23,Smoke & Heat | 650,1,4,3,490
23,Smoke & Heat | 650,1,4,4,745
23,Smoke & Heat | 650,1,5,1,Manual Call Point
23,Smoke & Heat | 650,1,5,2,740
23,Smoke & Heat | 650,1,5,3,420
23,Smoke & Heat | 650,1,5,4,650
23,Smoke & Heat | 650,1,6,1,Horn Strobe -Siren
23,Smoke & Heat | 650,1,6,2,840
23,Smoke & Heat | 650,1,6,3,650
23,Smoke & Heat | 650,1,6,4,"1,750"
23,Smoke & Heat | 650,1,7,1,Alarm Bell
23,Smoke & Heat | 650,1,7,2,840
23,Smoke & Heat | 650,1,7,3,590
23,Smoke & Heat | 650,1,7,4,"1,060"
23,Smoke & Heat | 650,2,1,1,Beam Detector
23,Smoke & Heat | 650,2,1,2,"17,500"
23,Smoke & Heat | 650,2,1,3,
23,Smoke & Heat | 650,2,1,4,
23,Smoke & Heat | 650,3,1,1,Smoke & Heat
23,Smoke & Heat | 650,3,1,2,
23,Smoke & Heat | 650,3,1,3,650
23,Smoke & Heat | 650,3,1,4,
23,Smoke & Heat | 650,4,1,1,PANEL
23,Smoke & Heat | 650,4,1,2,ASENWARE
23,Smoke & Heat | 650,4,1,3,HORINGLI
23,Smoke & Heat | 650,4,1,4,RED-CHINA
23,Smoke & Heat | 650,4,2,1,4 zone
23,Smoke & Heat | 650,4,2,2,"13,500"
23,Smoke & Heat | 650,4,2,3,"20,250"
23,Smoke & Heat | 650,4,2,4,"10,000"
23,Smoke & Heat | 650,4,3,1,8 zone
23,Smoke & Heat | 650,4,3,2,"18,500"
23,Smoke & Heat | 650,4,3,3,"22,680"
23,Smoke & Heat | 650,4,3,4,"12,500"
23,Smoke & Heat | 650,4,4,1,12 zone
23,Smoke & Heat | 650,4,4,2,"20,500"
23,Smoke & Heat | 650,4,4,3,"47,140"
23,Smoke & Heat | 650,4,4,4,"16,500"
23,Smoke & Heat | 650,4,5,1,16 zone
23,Smoke & Heat | 650,4,5,2,"25,000"
23,Smoke & Heat | 650,4,5,3,
23,Smoke & Heat | 650,4,5,4,"19,500"
23,Smoke & Heat | 650,4,6,1,2 zone
23,Smoke & Heat | 650,4,6,2,"12,500"
23,Smoke & Heat | 650,4,6,3,
23,Smoke & Heat | 650,4,6,4,"9,000"
23,Smoke & Heat | 650,5,1,1,Manual Pull Station
23,Smoke & Heat | 650,5,1,2,"1,765"
23,Smoke & Heat | 650,5,1,3,850
23,Smoke & Heat | 650,5,1,4,
23,Smoke & Heat | 650,6,1,1,20 zone
23,Smoke & Heat | 650,6,1,2,"28,500"
23,Smoke & Heat | 650,6,1,3,
23,Smoke & Heat | 650,6,1,4,
23,Smoke & Heat | 650,6,2,1,24 zone
23,Smoke & Heat | 650,6,2,2,"42,000"
23,Smoke & Heat | 650,6,2,3,
23,Smoke & Heat | 650,6,2,4,
24,JOCKEY PUMP,1,1,1,50 HP
24,JOCKEY PUMP,1,1,2,"60,000"
24,JOCKEY PUMP,1,1,3,"750,000"
24,JOCKEY PUMP,1,2,1,60 HP
24,JOCKEY PUMP,1,2,2,"70,000"
24,JOCKEY PUMP,1,2,3,"795,000"
24,JOCKEY PUMP,1,3,1,75 HP
24,JOCKEY PUMP,1,3,2,"87,000"
24,JOCKEY PUMP,1,3,3,"835,000"
24,JOCKEY PUMP,1,4,1,100 HP
24,JOCKEY PUMP,1,4,2,"110,000"
24,JOCKEY PUMP,1,4,3,"1,065,000"
24,JOCKEY PUMP,2,1,1,CONTROLLERS
24,JOCKEY PUMP,2,1,2,SHILIN BRAND
24,JOCKEY PUMP,2,1,3,"EATON -
USA
UL/FM"
24,JOCKEY PUMP,2,2,1,FIRE PUMP 10 HP
24,JOCKEY PUMP,2,2,2,"17,500"
24,JOCKEY PUMP,2,2,3,
24,JOCKEY PUMP,2,3,1,15 HP
24,JOCKEY PUMP,2,3,2,"20,000"
24,JOCKEY PUMP,2,3,3,
24,JOCKEY PUMP,2,4,1,20 HP
24,JOCKEY PUMP,2,4,2,"25,000"
24,JOCKEY PUMP,2,4,3,"560,000"
24,JOCKEY PUMP,2,5,1,25 HP
24,JOCKEY PUMP,2,5,2,"30,000"
24,JOCKEY PUMP,2,5,3,"640,000"
24,JOCKEY PUMP,2,6,1,30 HP
24,JOCKEY PUMP,2,6,2,"37,500"
24,JOCKEY PUMP,2,6,3,"670,000"
24,JOCKEY PUMP,2,7,1,40 HP
24,JOCKEY PUMP,2,7,2,"50,000"
24,JOCKEY PUMP,2,7,3,"725,000"
24,JOCKEY PUMP,3,1,1,JOCKEY PUMP
24,JOCKEY PUMP,3,1,2,
24,JOCKEY PUMP,3,1,3,
24,JOCKEY PUMP,3,2,1,2 HP ( 1 phase )
24,JOCKEY PUMP,3,2,2,"13,500"
24,JOCKEY PUMP,3,2,3,
24,JOCKEY PUMP,3,3,1,3 HP ( 1 phase )
24,JOCKEY PUMP,3,3,2,"13,500"
24,JOCKEY PUMP,3,3,3,
24,JOCKEY PUMP,3,4,1,3 HP
24,JOCKEY PUMP,3,4,2,"12,500"
24,JOCKEY PUMP,3,4,3,115K
24,JOCKEY PUMP,3,5,1,4 HP
24,JOCKEY PUMP,3,5,2,"13,000"
24,JOCKEY PUMP,3,5,3,115K
24,JOCKEY PUMP,3,6,1,"5 HP
5 Hp ( 3 ph- 1ph)"
24,JOCKEY PUMP,3,6,2,"13,500
15,500"
24,JOCKEY PUMP,3,6,3,115K
24,JOCKEY PUMP,4,1,1,7.5 HP
24,JOCKEY PUMP,4,1,2,"15,500"
24,JOCKEY PUMP,4,1,3,"130,000"
24,JOCKEY PUMP,4,2,1,10 HP
24,JOCKEY PUMP,4,2,2,"18,500"
24,JOCKEY PUMP,4,2,3,"130,000"
24,JOCKEY PUMP,5,1,1,INVERTER
24,JOCKEY PUMP,5,1,2,
24,JOCKEY PUMP,5,2,1,10 HP
24,JOCKEY PUMP,5,2,2,"35,000"
24,JOCKEY PUMP,5,3,1,15 HP
24,JOCKEY PUMP,5,3,2,"42,000"
24,JOCKEY PUMP,5,4,1,20 HP
24,JOCKEY PUMP,5,4,2,"58,000"
24,JOCKEY PUMP,5,5,1,25 HP
24,JOCKEY PUMP,5,5,2,"87,500"
24,JOCKEY PUMP,5,6,1,30 HP
24,JOCKEY PUMP,5,6,2,"110,000"
24,JOCKEY PUMP,6,1,1,40 HP
24,JOCKEY PUMP,6,1,2,"125,000"
24,JOCKEY PUMP,6,2,1,50 HP
24,JOCKEY PUMP,6,2,2,"148,000"
24,JOCKEY PUMP,7,1,1,7.5 HP
24,JOCKEY PUMP,7,1,2,"32,000"
25,Winter Gauge ¼ UL/fm,1,1,1,FLOAT VALVE
25,Winter Gauge ¼ UL/fm,1,1,2,
25,Winter Gauge ¼ UL/fm,1,2,1,3/4
25,Winter Gauge ¼ UL/fm,1,2,2,"2,070"
25,Winter Gauge ¼ UL/fm,1,3,1,1
25,Winter Gauge ¼ UL/fm,1,3,2,"3,200"
25,Winter Gauge ¼ UL/fm,1,4,1,1 ¼
25,Winter Gauge ¼ UL/fm,1,4,2,"6,600"
25,Winter Gauge ¼ UL/fm,1,5,1,1 ½
25,Winter Gauge ¼ UL/fm,1,5,2,"8,700"
25,Winter Gauge ¼ UL/fm,1,6,1,2
25,Winter Gauge ¼ UL/fm,1,6,2,"11,200"
25,Winter Gauge ¼ UL/fm,2,1,1,Flexible Connector
25,Winter Gauge ¼ UL/fm,2,1,2,
25,Winter Gauge ¼ UL/fm,2,2,1,3/4
25,Winter Gauge ¼ UL/fm,2,2,2,
25,Winter Gauge ¼ UL/fm,2,3,1,1
25,Winter Gauge ¼ UL/fm,2,3,2,990
25,Winter Gauge ¼ UL/fm,2,4,1,1 ¼
25,Winter Gauge ¼ UL/fm,2,4,2,"1,050"
25,Winter Gauge ¼ UL/fm,2,5,1,1 ½
25,Winter Gauge ¼ UL/fm,2,5,2,"1,250"
25,Winter Gauge ¼ UL/fm,2,6,1,2
25,Winter Gauge ¼ UL/fm,2,6,2,"1,475"
25,Winter Gauge ¼ UL/fm,3,1,1,Pressure Switch
25,Winter Gauge ¼ UL/fm,3,1,2,Mazaki Japan
25,Winter Gauge ¼ UL/fm,3,1,3,DANFOSS
25,Winter Gauge ¼ UL/fm,3,1,4,Purity China
25,Winter Gauge ¼ UL/fm,3,2,1,90 psi below
25,Winter Gauge ¼ UL/fm,3,2,2,2800
25,Winter Gauge ¼ UL/fm,3,2,3,3800
25,Winter Gauge ¼ UL/fm,3,2,4,1800
25,Winter Gauge ¼ UL/fm,3,3,1,91 psi up
25,Winter Gauge ¼ UL/fm,3,3,2,2800
25,Winter Gauge ¼ UL/fm,3,3,3,3800
25,Winter Gauge ¼ UL/fm,3,3,4,1800
25,Winter Gauge ¼ UL/fm,4,1,1,Waste Cone
25,Winter Gauge ¼ UL/fm,4,1,2,
25,Winter Gauge ¼ UL/fm,4,2,1,5 x 3
25,Winter Gauge ¼ UL/fm,4,2,2,"15,500"
25,Winter Gauge ¼ UL/fm,4,3,1,4 x 6
25,Winter Gauge ¼ UL/fm,4,3,2,"18,500"
25,Winter Gauge ¼ UL/fm,5,1,1,Craft thermometer
25,Winter Gauge ¼ UL/fm,5,2,1,
25,Winter Gauge ¼ UL/fm,5,3,1,"1,200"
25,Winter Gauge ¼ UL/fm,6,1,1,Winter Gauge ¼ UL/fm
25,Winter Gauge ¼ UL/fm,6,2,1,
25,Winter Gauge ¼ UL/fm,6,3,1,"1,800"
25,Winter Gauge ¼ UL/fm,7,1,1,4 x 3
25,Winter Gauge ¼ UL/fm,7,1,2,"14,500"
26,MECH FLEXIBLE,1,1,1,"M-FLEX
FLEXIBLE"
26,MECH FLEXIBLE,1,1,2,SINGLE BELO
26,MECH FLEXIBLE,1,1,3,"DOUBLE BELO
Plus 45%"
26,MECH FLEXIBLE,1,2,1,12
26,MECH FLEXIBLE,1,2,2,
26,MECH FLEXIBLE,1,2,3,"15,650"
26,MECH FLEXIBLE,1,3,1,10
26,MECH FLEXIBLE,1,3,2,
26,MECH FLEXIBLE,1,3,3,"12,000"
26,MECH FLEXIBLE,1,4,1,8
26,MECH FLEXIBLE,1,4,2,"7,128"
26,MECH FLEXIBLE,1,4,3,"8,165"
26,MECH FLEXIBLE,1,5,1,6
26,MECH FLEXIBLE,1,5,2,"4,640"
26,MECH FLEXIBLE,1,5,3,"5,065"
26,MECH FLEXIBLE,1,6,1,5
26,MECH FLEXIBLE,1,6,2,"3,990"
26,MECH FLEXIBLE,1,6,3,
26,MECH FLEXIBLE,1,7,1,4
26,MECH FLEXIBLE,1,7,2,"2,650"
26,MECH FLEXIBLE,1,7,3,"3,022"
26,MECH FLEXIBLE,1,8,1,3
26,MECH FLEXIBLE,1,8,2,"2,090"
26,MECH FLEXIBLE,1,8,3,"2,275"
26,MECH FLEXIBLE,2,1,1,2 ½
26,MECH FLEXIBLE,2,1,2,"1,735"
26,MECH FLEXIBLE,2,1,3,"1,815"
26,MECH FLEXIBLE,2,2,1,2
26,MECH FLEXIBLE,2,2,2,"1,535"
26,MECH FLEXIBLE,2,2,3,"1,400"
26,MECH FLEXIBLE,3,1,1,GLOBAL VISION
26,MECH FLEXIBLE,3,1,2,"FLOW METER
0-1500 GPM"
26,MECH FLEXIBLE,3,2,1,6''
26,MECH FLEXIBLE,3,2,2,"126,320"
26,MECH FLEXIBLE,4,1,1,HYFLO
26,MECH FLEXIBLE,4,1,2,FLOW METER
26,MECH FLEXIBLE,4,2,1,4''- 600 GPM
26,MECH FLEXIBLE,4,2,2,"32,000"
26,MECH FLEXIBLE,4,3,1,6'' -1400 GPM
26,MECH FLEXIBLE,4,3,2,"37,000"
26,MECH FLEXIBLE,5,1,1,Blue white
26,MECH FLEXIBLE,5,1,2,FLOW METER
26,MECH FLEXIBLE,5,2,1,4''- 420 GPM
26,MECH FLEXIBLE,5,2,2,"19,000"
26,MECH FLEXIBLE,5,3,1,6''-1000 GPM
26,MECH FLEXIBLE,5,3,2,"23,500"
26,MECH FLEXIBLE,6,1,1,8''
26,MECH FLEXIBLE,6,1,2,"138,600"
26,MECH FLEXIBLE,7,1,1,3'' – 380 GPM
26,MECH FLEXIBLE,7,1,2,"28,500"
26,MECH FLEXIBLE,7,2,1,2 ½ – 250 GPM
26,MECH FLEXIBLE,7,2,2,"26,500"
26,MECH FLEXIBLE,8,1,1,4''
26,MECH FLEXIBLE,8,1,2,"123,500"
26,MECH FLEXIBLE,9,1,1,8'' - 2100 GPM
26,MECH FLEXIBLE,9,1,2,"55,000"
26,MECH FLEXIBLE,10,1,1,3''- 250 GPM
26,MECH FLEXIBLE,10,1,2,"18,000"
26,MECH FLEXIBLE,11,1,1,"MECH
FLEXIBLE"
26,MECH FLEXIBLE,11,2,1,
26,MECH FLEXIBLE,11,3,1,
26,MECH FLEXIBLE,11,4,1,
26,MECH FLEXIBLE,11,5,1,"7,800"
26,MECH FLEXIBLE,11,6,1,
26,MECH FLEXIBLE,12,1,1,"4,900"
26,MECH FLEXIBLE,12,2,1,"3,880"
26,MECH FLEXIBLE,12,3,1,"3,200"
26,MECH FLEXIBLE,12,4,1,"2,750"
27,TRANSFER PUMP,1,1,1,3 HP (1P)
27,TRANSFER PUMP,1,1,2,"26,500"
27,TRANSFER PUMP,1,1,3,30-40GPM @ 40 PSI
27,TRANSFER PUMP,1,2,1,2 HP (1P)
27,TRANSFER PUMP,1,2,2,"19,500"
27,TRANSFER PUMP,1,2,3,10-25GPM @ 35 PSI
27,TRANSFER PUMP,2,1,1,Duplex Controller
27,TRANSFER PUMP,2,1,2,PRICE
27,TRANSFER PUMP,2,2,1,1 Hp – 2Hp
27,TRANSFER PUMP,2,2,2,"42,000"
27,TRANSFER PUMP,2,3,1,3 Hp
27,TRANSFER PUMP,2,3,2,"48,000"
27,TRANSFER PUMP,2,4,1,5 Hp
27,TRANSFER PUMP,2,4,2,"52,000"
27,TRANSFER PUMP,3,1,1,
27,TRANSFER PUMP,3,1,2,EACH
27,TRANSFER PUMP,3,1,3,DUPLEX -CPS
27,TRANSFER PUMP,3,1,4,TRIPLEX-CPS
27,TRANSFER PUMP,3,2,1,3 HP
27,TRANSFER PUMP,3,2,2,"82,600"
27,TRANSFER PUMP,3,2,3,"148,000"
27,TRANSFER PUMP,3,2,4,"250,000"
27,TRANSFER PUMP,3,3,1,5.5 HP
27,TRANSFER PUMP,3,3,2,"98,500"
27,TRANSFER PUMP,3,3,3,"172,000"
27,TRANSFER PUMP,3,3,4,"292,000"
27,TRANSFER PUMP,3,4,1,7.5HP
27,TRANSFER PUMP,3,4,2,"125,400"
27,TRANSFER PUMP,3,4,3,"198,000"
27,TRANSFER PUMP,3,4,4,"338,000"
27,TRANSFER PUMP,3,5,1,10 HP
27,TRANSFER PUMP,3,5,2,"142,000"
27,TRANSFER PUMP,3,5,3,"245,000"
27,TRANSFER PUMP,3,5,4,"425,000"
27,TRANSFER PUMP,3,6,1,
27,TRANSFER PUMP,3,6,2,
27,TRANSFER PUMP,3,6,3,
27,TRANSFER PUMP,3,6,4,
27,TRANSFER PUMP,4,1,1,CONTROLLER
27,TRANSFER PUMP,5,1,1,7.5 Hp
27,TRANSFER PUMP,5,1,2,"98,000"
27,TRANSFER PUMP,5,2,1,10 Hp
27,TRANSFER PUMP,5,2,2,"132,000"
27,TRANSFER PUMP,6,1,1,4 HP
27,TRANSFER PUMP,6,1,2,"34,000"
27,TRANSFER PUMP,6,1,3,"55 – 60 GPM @ 40 PSI
30-35 GPM @ 60 PSI"
27,TRANSFER PUMP,6,2,1,7.5 HP
27,TRANSFER PUMP,6,2,2,"49,500"
27,TRANSFER PUMP,6,2,3,30-40 GPM @ 80 PSI
27,TRANSFER PUMP,6,3,1,10 HP
27,TRANSFER PUMP,6,3,2,"72,000"
27,TRANSFER PUMP,6,3,3,35- 45 GPM @ 100 PSI
27,TRANSFER PUMP,7,1,1,1 HP (1PH)
27,TRANSFER PUMP,7,1,2,"15,000"
27,TRANSFER PUMP,7,2,1,1.5HP (1HP)
27,TRANSFER PUMP,7,2,2,"17,500"
28,GOULDS,1,1,1,3HP (1P)
28,GOULDS,1,1,2,"38,300"
28,GOULDS,1,1,3,"32,000"
28,GOULDS,1,2,1,2HP (1P)
28,GOULDS,1,2,2,"32,720"
28,GOULDS,1,2,3,"26,000"
28,GOULDS,2,1,1,GOULDS
28,GOULDS,2,2,1,
28,GOULDS,2,3,1,"172,000"
28,GOULDS,2,4,1,"144,500"
28,GOULDS,2,5,1,"105,000"
28,GOULDS,2,6,1,"88,000"
28,GOULDS,2,7,1,"72,000"
28,GOULDS,3,1,1,20 HP
28,GOULDS,3,1,2,
28,GOULDS,3,1,3,"132,500"
28,GOULDS,3,1,4,
28,GOULDS,4,1,1,5hp -380/440
28,GOULDS,4,1,2,"73,000"
28,GOULDS,4,1,3,
28,GOULDS,4,2,1,3hp -380/440
28,GOULDS,4,2,2,"54,500"
28,GOULDS,4,2,3,
28,GOULDS,5,1,1,"75,000"
28,GOULDS,5,2,1,"51,850"
28,GOULDS,6,1,1,15 HP
28,GOULDS,6,1,2,"124,000 – 132,000"
28,GOULDS,6,1,3,"198,000"
29,"25 HP | 33,500",1,1,1,25 HP
29,"25 HP | 33,500",1,1,2,"33,500"
29,"25 HP | 33,500",1,1,3,
29,"25 HP | 33,500",1,2,1,20 HP
29,"25 HP | 33,500",1,2,2,"30,000"
29,"25 HP | 33,500",1,2,3,
29,"25 HP | 33,500",1,3,1,15 HP
29,"25 HP | 33,500",1,3,2,"27,500"
29,"25 HP | 33,500",1,3,3,
30,FIRE PUMP & JOCKEY PUMP w/ Controller – Set,1,1,1,"HORSE POWER
ELECTRIC"
30,FIRE PUMP & JOCKEY PUMP w/ Controller – Set,1,1,2,"STREAMPLUS
or EBSRAY

AUSTRALIA"
30,FIRE PUMP & JOCKEY PUMP w/ Controller – Set,1,1,3,"PURITY or
ZJ – BETTER

CHINA"
30,FIRE PUMP & JOCKEY PUMP w/ Controller – Set,1,1,4,"STREAMPLUS
or EBSRAY

AUSTRALIA"
30,FIRE PUMP & JOCKEY PUMP w/ Controller – Set,1,1,5,"PURITY or ZJ – BETTER

CHINA"
30,FIRE PUMP & JOCKEY PUMP w/ Controller – Set,1,2,1,10 HP - 2 HP
30,FIRE PUMP & JOCKEY PUMP w/ Controller – Set,1,2,2,"180,000"
30,FIRE PUMP & JOCKEY PUMP w/ Controller – Set,1,2,3,"160,000"
30,FIRE PUMP & JOCKEY PUMP w/ Controller – Set,1,2,4,
30,FIRE PUMP & JOCKEY PUMP w/ Controller – Set,1,2,5,
30,FIRE PUMP & JOCKEY PUMP w/ Controller – Set,1,3,1,15 HP - 2 HP
30,FIRE PUMP & JOCKEY PUMP w/ Controller – Set,1,3,2,"200,000"
30,FIRE PUMP & JOCKEY PUMP w/ Controller – Set,1,3,3,"170,000"
30,FIRE PUMP & JOCKEY PUMP w/ Controller – Set,1,3,4,
30,FIRE PUMP & JOCKEY PUMP w/ Controller – Set,1,3,5,
30,FIRE PUMP & JOCKEY PUMP w/ Controller – Set,1,4,1,20 HP - 3 HP
30,FIRE PUMP & JOCKEY PUMP w/ Controller – Set,1,4,2,"210,000"
30,FIRE PUMP & JOCKEY PUMP w/ Controller – Set,1,4,3,"180,000"
30,FIRE PUMP & JOCKEY PUMP w/ Controller – Set,1,4,4,
30,FIRE PUMP & JOCKEY PUMP w/ Controller – Set,1,4,5,
30,FIRE PUMP & JOCKEY PUMP w/ Controller – Set,1,5,1,25 HP - 3 HP
30,FIRE PUMP & JOCKEY PUMP w/ Controller – Set,1,5,2,"225,000"
30,FIRE PUMP & JOCKEY PUMP w/ Controller – Set,1,5,3,"205,000"
30,FIRE PUMP & JOCKEY PUMP w/ Controller – Set,1,5,4,
30,FIRE PUMP & JOCKEY PUMP w/ Controller – Set,1,5,5,
30,FIRE PUMP & JOCKEY PUMP w/ Controller – Set,1,6,1,30 HP - 3 HP
30,FIRE PUMP & JOCKEY PUMP w/ Controller – Set,1,6,2,"255,000"
30,FIRE PUMP & JOCKEY PUMP w/ Controller – Set,1,6,3,"220,000"
30,FIRE PUMP & JOCKEY PUMP w/ Controller – Set,1,6,4,
30,FIRE PUMP & JOCKEY PUMP w/ Controller – Set,1,6,5,
30,FIRE PUMP & JOCKEY PUMP w/ Controller – Set,1,7,1,40 HP - 4 HP
30,FIRE PUMP & JOCKEY PUMP w/ Controller – Set,1,7,2,"270,000"
30,FIRE PUMP & JOCKEY PUMP w/ Controller – Set,1,7,3,"235,000"
30,FIRE PUMP & JOCKEY PUMP w/ Controller – Set,1,7,4,"415,000"
30,FIRE PUMP & JOCKEY PUMP w/ Controller – Set,1,7,5,"358,000"
30,FIRE PUMP & JOCKEY PUMP w/ Controller – Set,1,8,1,50 HP - 5 HP
30,FIRE PUMP & JOCKEY PUMP w/ Controller – Set,1,8,2,"310,000"
30,FIRE PUMP & JOCKEY PUMP w/ Controller – Set,1,8,3,"270,000"
30,FIRE PUMP & JOCKEY PUMP w/ Controller – Set,1,8,4,"490,000"
30,FIRE PUMP & JOCKEY PUMP w/ Controller – Set,1,8,5,"425,000"
30,FIRE PUMP & JOCKEY PUMP w/ Controller – Set,2,1,1,
30,FIRE PUMP & JOCKEY PUMP w/ Controller – Set,2,1,2,
30,FIRE PUMP & JOCKEY PUMP w/ Controller – Set,2,1,3,
30,FIRE PUMP & JOCKEY PUMP w/ Controller – Set,2,1,4,
30,FIRE PUMP & JOCKEY PUMP w/ Controller – Set,2,1,5,
30,FIRE PUMP & JOCKEY PUMP w/ Controller – Set,2,2,1,60 HP - 5 HP
30,FIRE PUMP & JOCKEY PUMP w/ Controller – Set,2,2,2,"325,000"
30,FIRE PUMP & JOCKEY PUMP w/ Controller – Set,2,2,3,"285,000"
30,FIRE PUMP & JOCKEY PUMP w/ Controller – Set,2,2,4,"530,000"
30,FIRE PUMP & JOCKEY PUMP w/ Controller – Set,2,2,5,"480,000"
30,FIRE PUMP & JOCKEY PUMP w/ Controller – Set,2,3,1,75 HP - 5 HP
30,FIRE PUMP & JOCKEY PUMP w/ Controller – Set,2,3,2,"365,000"
30,FIRE PUMP & JOCKEY PUMP w/ Controller – Set,2,3,3,"330,000"
30,FIRE PUMP & JOCKEY PUMP w/ Controller – Set,2,3,4,"588,000"
30,FIRE PUMP & JOCKEY PUMP w/ Controller – Set,2,3,5,"530,000"
30,FIRE PUMP & JOCKEY PUMP w/ Controller – Set,2,4,1,100 HP - 7.5 HP
30,FIRE PUMP & JOCKEY PUMP w/ Controller – Set,2,4,2,"535,000"
30,FIRE PUMP & JOCKEY PUMP w/ Controller – Set,2,4,3,"445,000"
30,FIRE PUMP & JOCKEY PUMP w/ Controller – Set,2,4,4,"770,000"
30,FIRE PUMP & JOCKEY PUMP w/ Controller – Set,2,4,5,"695,000"
30,FIRE PUMP & JOCKEY PUMP w/ Controller – Set,3,1,1,END SUCTION
30,FIRE PUMP & JOCKEY PUMP w/ Controller – Set,3,1,2,SPLIT CASE
31,FIRE PUMP & JOCKEY PUMP w/ Controller – Set (non- UL),1,1,1,"HORSE POWER
ELECTRIC"
31,FIRE PUMP & JOCKEY PUMP w/ Controller – Set (non- UL),1,1,2,"USA MOTOR

USA"
31,FIRE PUMP & JOCKEY PUMP w/ Controller – Set (non- UL),1,1,3,AMERICAN TURBINE w/ TECHTOP MOTOR
31,FIRE PUMP & JOCKEY PUMP w/ Controller – Set (non- UL),1,1,4,"STREAMPLUS
or EBSRAY

AUSTRALIA"
31,FIRE PUMP & JOCKEY PUMP w/ Controller – Set (non- UL),1,1,5,"PURITY or ZJ – BETTER

CHINA"
31,FIRE PUMP & JOCKEY PUMP w/ Controller – Set (non- UL),1,2,1,10 HP - 2 HP
31,FIRE PUMP & JOCKEY PUMP w/ Controller – Set (non- UL),1,2,2,
31,FIRE PUMP & JOCKEY PUMP w/ Controller – Set (non- UL),1,2,3,
31,FIRE PUMP & JOCKEY PUMP w/ Controller – Set (non- UL),1,2,4,
31,FIRE PUMP & JOCKEY PUMP w/ Controller – Set (non- UL),1,2,5,
31,FIRE PUMP & JOCKEY PUMP w/ Controller – Set (non- UL),1,3,1,15 HP - 2 HP
31,FIRE PUMP & JOCKEY PUMP w/ Controller – Set (non- UL),1,3,2,
31,FIRE PUMP & JOCKEY PUMP w/ Controller – Set (non- UL),1,3,3,
31,FIRE PUMP & JOCKEY PUMP w/ Controller – Set (non- UL),1,3,4,
31,FIRE PUMP & JOCKEY PUMP w/ Controller – Set (non- UL),1,3,5,
31,FIRE PUMP & JOCKEY PUMP w/ Controller – Set (non- UL),1,4,1,20 HP - 3 HP
31,FIRE PUMP & JOCKEY PUMP w/ Controller – Set (non- UL),1,4,2,
31,FIRE PUMP & JOCKEY PUMP w/ Controller – Set (non- UL),1,4,3,
31,FIRE PUMP & JOCKEY PUMP w/ Controller – Set (non- UL),1,4,4,
31,FIRE PUMP & JOCKEY PUMP w/ Controller – Set (non- UL),1,4,5,
31,FIRE PUMP & JOCKEY PUMP w/ Controller – Set (non- UL),1,5,1,25 HP - 3 HP
31,FIRE PUMP & JOCKEY PUMP w/ Controller – Set (non- UL),1,5,2,
31,FIRE PUMP & JOCKEY PUMP w/ Controller – Set (non- UL),1,5,3,
31,FIRE PUMP & JOCKEY PUMP w/ Controller – Set (non- UL),1,5,4,"395,000"
31,FIRE PUMP & JOCKEY PUMP w/ Controller – Set (non- UL),1,5,5,
31,FIRE PUMP & JOCKEY PUMP w/ Controller – Set (non- UL),1,6,1,30 HP - 3 HP
31,FIRE PUMP & JOCKEY PUMP w/ Controller – Set (non- UL),1,6,2,"925,000"
31,FIRE PUMP & JOCKEY PUMP w/ Controller – Set (non- UL),1,6,3,"740,000"
31,FIRE PUMP & JOCKEY PUMP w/ Controller – Set (non- UL),1,6,4,"415,000"
31,FIRE PUMP & JOCKEY PUMP w/ Controller – Set (non- UL),1,6,5,"425,000"
31,FIRE PUMP & JOCKEY PUMP w/ Controller – Set (non- UL),1,7,1,40 HP - 4 HP
31,FIRE PUMP & JOCKEY PUMP w/ Controller – Set (non- UL),1,7,2,"1,020,000"
31,FIRE PUMP & JOCKEY PUMP w/ Controller – Set (non- UL),1,7,3,"795,000"
31,FIRE PUMP & JOCKEY PUMP w/ Controller – Set (non- UL),1,7,4,"460,000"
31,FIRE PUMP & JOCKEY PUMP w/ Controller – Set (non- UL),1,7,5,"470,000"
31,FIRE PUMP & JOCKEY PUMP w/ Controller – Set (non- UL),1,8,1,50 HP - 5 HP
31,FIRE PUMP & JOCKEY PUMP w/ Controller – Set (non- UL),1,8,2,"1,295,000"
31,FIRE PUMP & JOCKEY PUMP w/ Controller – Set (non- UL),1,8,3,"885,000"
31,FIRE PUMP & JOCKEY PUMP w/ Controller – Set (non- UL),1,8,4,"585,000"
31,FIRE PUMP & JOCKEY PUMP w/ Controller – Set (non- UL),1,8,5,"595,000"
31,FIRE PUMP & JOCKEY PUMP w/ Controller – Set (non- UL),2,1,1,
31,FIRE PUMP & JOCKEY PUMP w/ Controller – Set (non- UL),2,1,2,
31,FIRE PUMP & JOCKEY PUMP w/ Controller – Set (non- UL),2,1,3,
31,FIRE PUMP & JOCKEY PUMP w/ Controller – Set (non- UL),2,1,4,
31,FIRE PUMP & JOCKEY PUMP w/ Controller – Set (non- UL),2,1,5,
31,FIRE PUMP & JOCKEY PUMP w/ Controller – Set (non- UL),2,2,1,60 HP - 5 HP
31,FIRE PUMP & JOCKEY PUMP w/ Controller – Set (non- UL),2,2,2,"1,460,000"
31,FIRE PUMP & JOCKEY PUMP w/ Controller – Set (non- UL),2,2,3,"968,000"
31,FIRE PUMP & JOCKEY PUMP w/ Controller – Set (non- UL),2,2,4,"675,000"
31,FIRE PUMP & JOCKEY PUMP w/ Controller – Set (non- UL),2,2,5,"685,000"
31,FIRE PUMP & JOCKEY PUMP w/ Controller – Set (non- UL),2,3,1,75 HP - 5 HP
31,FIRE PUMP & JOCKEY PUMP w/ Controller – Set (non- UL),2,3,2,"1,660,000"
31,FIRE PUMP & JOCKEY PUMP w/ Controller – Set (non- UL),2,3,3,"1,080,000"
31,FIRE PUMP & JOCKEY PUMP w/ Controller – Set (non- UL),2,3,4,"760,000"
31,FIRE PUMP & JOCKEY PUMP w/ Controller – Set (non- UL),2,3,5,"770,000"
31,FIRE PUMP & JOCKEY PUMP w/ Controller – Set (non- UL),2,4,1,100 HP - 7.5 HP
31,FIRE PUMP & JOCKEY PUMP w/ Controller – Set (non- UL),2,4,2,"1,925,000"
31,FIRE PUMP & JOCKEY PUMP w/ Controller – Set (non- UL),2,4,3,"1,160,000"
31,FIRE PUMP & JOCKEY PUMP w/ Controller – Set (non- UL),2,4,4,"945,000"
31,FIRE PUMP & JOCKEY PUMP w/ Controller – Set (non- UL),2,4,5,"955,000"
31,FIRE PUMP & JOCKEY PUMP w/ Controller – Set (non- UL),3,1,1,VERTICAL TURBINE
31,FIRE PUMP & JOCKEY PUMP w/ Controller – Set (non- UL),3,1,2,DESIEL END SUCTION
32,FIRE PUMP & JOCKEY PUMP w/ Controller – Set,1,1,1,"HORSE POWER
ELECTRIC"
32,FIRE PUMP & JOCKEY PUMP w/ Controller – Set,1,1,2,"CHINA -EIFEL
UL-LISTED
-ELECTRIC
Usa -Controller"
32,FIRE PUMP & JOCKEY PUMP w/ Controller – Set,1,1,3,
32,FIRE PUMP & JOCKEY PUMP w/ Controller – Set,1,1,4,"CHINA -EIFEL
UL-LISTED
-ELECTRIC
Usa -Controller"
32,FIRE PUMP & JOCKEY PUMP w/ Controller – Set,1,1,5,"AURORA
UL-FM
Eaton Controller"
32,FIRE PUMP & JOCKEY PUMP w/ Controller – Set,1,2,1,20 HP - 3 HP
32,FIRE PUMP & JOCKEY PUMP w/ Controller – Set,1,2,2,"1,135,000"
32,FIRE PUMP & JOCKEY PUMP w/ Controller – Set,1,2,3,
32,FIRE PUMP & JOCKEY PUMP w/ Controller – Set,1,2,4,
32,FIRE PUMP & JOCKEY PUMP w/ Controller – Set,1,2,5,
32,FIRE PUMP & JOCKEY PUMP w/ Controller – Set,1,3,1,25 HP - 3 HP
32,FIRE PUMP & JOCKEY PUMP w/ Controller – Set,1,3,2,"1,160,000"
32,FIRE PUMP & JOCKEY PUMP w/ Controller – Set,1,3,3,
32,FIRE PUMP & JOCKEY PUMP w/ Controller – Set,1,3,4,
32,FIRE PUMP & JOCKEY PUMP w/ Controller – Set,1,3,5,
32,FIRE PUMP & JOCKEY PUMP w/ Controller – Set,1,4,1,30 HP - 3 HP
32,FIRE PUMP & JOCKEY PUMP w/ Controller – Set,1,4,2,"1,285,000"
32,FIRE PUMP & JOCKEY PUMP w/ Controller – Set,1,4,3,
32,FIRE PUMP & JOCKEY PUMP w/ Controller – Set,1,4,4,"1,410,000"
32,FIRE PUMP & JOCKEY PUMP w/ Controller – Set,1,4,5,
32,FIRE PUMP & JOCKEY PUMP w/ Controller – Set,1,5,1,40 HP - 4 HP
32,FIRE PUMP & JOCKEY PUMP w/ Controller – Set,1,5,2,"1,430,000"
32,FIRE PUMP & JOCKEY PUMP w/ Controller – Set,1,5,3,
32,FIRE PUMP & JOCKEY PUMP w/ Controller – Set,1,5,4,"1,655,000"
32,FIRE PUMP & JOCKEY PUMP w/ Controller – Set,1,5,5,
32,FIRE PUMP & JOCKEY PUMP w/ Controller – Set,1,6,1,50 HP - 5 HP
32,FIRE PUMP & JOCKEY PUMP w/ Controller – Set,1,6,2,"1,485,000"
32,FIRE PUMP & JOCKEY PUMP w/ Controller – Set,1,6,3,
32,FIRE PUMP & JOCKEY PUMP w/ Controller – Set,1,6,4,"1,780,000"
32,FIRE PUMP & JOCKEY PUMP w/ Controller – Set,1,6,5,
32,FIRE PUMP & JOCKEY PUMP w/ Controller – Set,2,1,1,
32,FIRE PUMP & JOCKEY PUMP w/ Controller – Set,2,1,2,
32,FIRE PUMP & JOCKEY PUMP w/ Controller – Set,2,1,3,
32,FIRE PUMP & JOCKEY PUMP w/ Controller – Set,2,1,4,
32,FIRE PUMP & JOCKEY PUMP w/ Controller – Set,2,1,5,
32,FIRE PUMP & JOCKEY PUMP w/ Controller – Set,2,2,1,60 HP - 5 HP
32,FIRE PUMP & JOCKEY PUMP w/ Controller – Set,2,2,2,"1,595,000"
32,FIRE PUMP & JOCKEY PUMP w/ Controller – Set,2,2,3,
32,FIRE PUMP & JOCKEY PUMP w/ Controller – Set,2,2,4,"1,820,000"
32,FIRE PUMP & JOCKEY PUMP w/ Controller – Set,2,2,5,
32,FIRE PUMP & JOCKEY PUMP w/ Controller – Set,2,3,1,75 HP - 5 HP
32,FIRE PUMP & JOCKEY PUMP w/ Controller – Set,2,3,2,"1,760,000"
32,FIRE PUMP & JOCKEY PUMP w/ Controller – Set,2,3,3,
32,FIRE PUMP & JOCKEY PUMP w/ Controller – Set,2,3,4,"1,965,000"
32,FIRE PUMP & JOCKEY PUMP w/ Controller – Set,2,3,5,
32,FIRE PUMP & JOCKEY PUMP w/ Controller – Set,2,4,1,100 HP –7.5HP
32,FIRE PUMP & JOCKEY PUMP w/ Controller – Set,2,4,2,"1,990,000"
32,FIRE PUMP & JOCKEY PUMP w/ Controller – Set,2,4,3,
32,FIRE PUMP & JOCKEY PUMP w/ Controller – Set,2,4,4,"2,250,000"
32,FIRE PUMP & JOCKEY PUMP w/ Controller – Set,2,4,5,
32,FIRE PUMP & JOCKEY PUMP w/ Controller – Set,3,1,1,END SUCTION
32,FIRE PUMP & JOCKEY PUMP w/ Controller – Set,3,1,2,SPLIT CASE
32,FIRE PUMP & JOCKEY PUMP w/ Controller – Set,4,1,1,125 HP –10HP
32,FIRE PUMP & JOCKEY PUMP w/ Controller – Set,4,1,2,"2,280,000"
32,FIRE PUMP & JOCKEY PUMP w/ Controller – Set,4,1,3,
32,FIRE PUMP & JOCKEY PUMP w/ Controller – Set,4,1,4,"2,450,000"
32,FIRE PUMP & JOCKEY PUMP w/ Controller – Set,4,1,5,
32,FIRE PUMP & JOCKEY PUMP w/ Controller – Set,5,1,1,150 HP –10HP
32,FIRE PUMP & JOCKEY PUMP w/ Controller – Set,5,1,2,"2,550,000"
32,FIRE PUMP & JOCKEY PUMP w/ Controller – Set,5,1,3,
32,FIRE PUMP & JOCKEY PUMP w/ Controller – Set,5,1,4,"2,790,000"
32,FIRE PUMP & JOCKEY PUMP w/ Controller – Set,5,1,5,
33,FIRE PUMP & JOCKEY PUMP UL/FM Set ( Eaton Cutler Hammer Controller ),1,1,1,"HORSE POWER
ELECTRIC"
33,FIRE PUMP & JOCKEY PUMP UL/FM Set ( Eaton Cutler Hammer Controller ),1,1,2,"AURORA
UL-FM
USA -ELECTRIC"
33,FIRE PUMP & JOCKEY PUMP UL/FM Set ( Eaton Cutler Hammer Controller ),1,1,3,"AURORA
UL-FM
-DESIEL"
33,FIRE PUMP & JOCKEY PUMP UL/FM Set ( Eaton Cutler Hammer Controller ),1,1,4,"AURORA PUMP
US- ELECTRIC"
33,FIRE PUMP & JOCKEY PUMP UL/FM Set ( Eaton Cutler Hammer Controller ),1,1,5,"AURORA
UL-FM
-DESIEL"
33,FIRE PUMP & JOCKEY PUMP UL/FM Set ( Eaton Cutler Hammer Controller ),1,2,1,20 HP - 3 HP
33,FIRE PUMP & JOCKEY PUMP UL/FM Set ( Eaton Cutler Hammer Controller ),1,2,2,"1,380,000"
33,FIRE PUMP & JOCKEY PUMP UL/FM Set ( Eaton Cutler Hammer Controller ),1,2,3,
33,FIRE PUMP & JOCKEY PUMP UL/FM Set ( Eaton Cutler Hammer Controller ),1,2,4,
33,FIRE PUMP & JOCKEY PUMP UL/FM Set ( Eaton Cutler Hammer Controller ),1,2,5,
33,FIRE PUMP & JOCKEY PUMP UL/FM Set ( Eaton Cutler Hammer Controller ),1,3,1,25 HP - 3 HP
33,FIRE PUMP & JOCKEY PUMP UL/FM Set ( Eaton Cutler Hammer Controller ),1,3,2,"1,465,000"
33,FIRE PUMP & JOCKEY PUMP UL/FM Set ( Eaton Cutler Hammer Controller ),1,3,3,
33,FIRE PUMP & JOCKEY PUMP UL/FM Set ( Eaton Cutler Hammer Controller ),1,3,4,
33,FIRE PUMP & JOCKEY PUMP UL/FM Set ( Eaton Cutler Hammer Controller ),1,3,5,
33,FIRE PUMP & JOCKEY PUMP UL/FM Set ( Eaton Cutler Hammer Controller ),1,4,1,30 HP - 3 HP
33,FIRE PUMP & JOCKEY PUMP UL/FM Set ( Eaton Cutler Hammer Controller ),1,4,2,"1,598,000"
33,FIRE PUMP & JOCKEY PUMP UL/FM Set ( Eaton Cutler Hammer Controller ),1,4,3,
33,FIRE PUMP & JOCKEY PUMP UL/FM Set ( Eaton Cutler Hammer Controller ),1,4,4,"2,290,000"
33,FIRE PUMP & JOCKEY PUMP UL/FM Set ( Eaton Cutler Hammer Controller ),1,4,5,
33,FIRE PUMP & JOCKEY PUMP UL/FM Set ( Eaton Cutler Hammer Controller ),1,5,1,40 HP - 4 HP
33,FIRE PUMP & JOCKEY PUMP UL/FM Set ( Eaton Cutler Hammer Controller ),1,5,2,"1,780,000"
33,FIRE PUMP & JOCKEY PUMP UL/FM Set ( Eaton Cutler Hammer Controller ),1,5,3,"400 GPM @ 100 PSI
3,750,000.00"
33,FIRE PUMP & JOCKEY PUMP UL/FM Set ( Eaton Cutler Hammer Controller ),1,5,4,"2,505,000"
33,FIRE PUMP & JOCKEY PUMP UL/FM Set ( Eaton Cutler Hammer Controller ),1,5,5,
33,FIRE PUMP & JOCKEY PUMP UL/FM Set ( Eaton Cutler Hammer Controller ),1,6,1,50 HP - 5 HP
33,FIRE PUMP & JOCKEY PUMP UL/FM Set ( Eaton Cutler Hammer Controller ),1,6,2,"1,995,000"
33,FIRE PUMP & JOCKEY PUMP UL/FM Set ( Eaton Cutler Hammer Controller ),1,6,3,"500 GPM @ 100 PSI
3,750,000.00"
33,FIRE PUMP & JOCKEY PUMP UL/FM Set ( Eaton Cutler Hammer Controller ),1,6,4,"2,750,000"
33,FIRE PUMP & JOCKEY PUMP UL/FM Set ( Eaton Cutler Hammer Controller ),1,6,5,
33,FIRE PUMP & JOCKEY PUMP UL/FM Set ( Eaton Cutler Hammer Controller ),2,1,1,60 HP - 5 HP
33,FIRE PUMP & JOCKEY PUMP UL/FM Set ( Eaton Cutler Hammer Controller ),2,1,2,"2,290,000"
33,FIRE PUMP & JOCKEY PUMP UL/FM Set ( Eaton Cutler Hammer Controller ),2,1,3,
33,FIRE PUMP & JOCKEY PUMP UL/FM Set ( Eaton Cutler Hammer Controller ),2,1,4,
33,FIRE PUMP & JOCKEY PUMP UL/FM Set ( Eaton Cutler Hammer Controller ),2,1,5,
33,FIRE PUMP & JOCKEY PUMP UL/FM Set ( Eaton Cutler Hammer Controller ),2,2,1,75 HP - 5 HP
33,FIRE PUMP & JOCKEY PUMP UL/FM Set ( Eaton Cutler Hammer Controller ),2,2,2,"2,500,000"
33,FIRE PUMP & JOCKEY PUMP UL/FM Set ( Eaton Cutler Hammer Controller ),2,2,3,"750 GPM @ 100 PSI
4,050,000.00"
33,FIRE PUMP & JOCKEY PUMP UL/FM Set ( Eaton Cutler Hammer Controller ),2,2,4,"3,235,000"
33,FIRE PUMP & JOCKEY PUMP UL/FM Set ( Eaton Cutler Hammer Controller ),2,2,5,
33,FIRE PUMP & JOCKEY PUMP UL/FM Set ( Eaton Cutler Hammer Controller ),2,3,1,100 HP - 7.5 HP
33,FIRE PUMP & JOCKEY PUMP UL/FM Set ( Eaton Cutler Hammer Controller ),2,3,2,"3,270,000"
33,FIRE PUMP & JOCKEY PUMP UL/FM Set ( Eaton Cutler Hammer Controller ),2,3,3,"1000 GPM @ 100 PSI
4,252,500.00"
33,FIRE PUMP & JOCKEY PUMP UL/FM Set ( Eaton Cutler Hammer Controller ),2,3,4,"4,550,000"
33,FIRE PUMP & JOCKEY PUMP UL/FM Set ( Eaton Cutler Hammer Controller ),2,3,5,
33,FIRE PUMP & JOCKEY PUMP UL/FM Set ( Eaton Cutler Hammer Controller ),3,1,1,HORIZONTAL SPLIT CASE
33,FIRE PUMP & JOCKEY PUMP UL/FM Set ( Eaton Cutler Hammer Controller ),3,1,2,VERTICAL TURBINE
33,FIRE PUMP & JOCKEY PUMP UL/FM Set ( Eaton Cutler Hammer Controller ),4,1,1,125 HP - 7.5 HP
33,FIRE PUMP & JOCKEY PUMP UL/FM Set ( Eaton Cutler Hammer Controller ),4,1,2,"3,570,000"
33,FIRE PUMP & JOCKEY PUMP UL/FM Set ( Eaton Cutler Hammer Controller ),4,1,3,
33,FIRE PUMP & JOCKEY PUMP UL/FM Set ( Eaton Cutler Hammer Controller ),4,1,4,"5,050,000"
33,FIRE PUMP & JOCKEY PUMP UL/FM Set ( Eaton Cutler Hammer Controller ),4,1,5,
33,FIRE PUMP & JOCKEY PUMP UL/FM Set ( Eaton Cutler Hammer Controller ),5,1,1,150 HP - 7.5 HP
33,FIRE PUMP & JOCKEY PUMP UL/FM Set ( Eaton Cutler Hammer Controller ),5,1,2,"3,870,000"
33,FIRE PUMP & JOCKEY PUMP UL/FM Set ( Eaton Cutler Hammer Controller ),5,1,3,"1000 GPM @ 140 PSI
4,252,500.00"
33,FIRE PUMP & JOCKEY PUMP UL/FM Set ( Eaton Cutler Hammer Controller ),5,1,4,"5,250,000"
33,FIRE PUMP & JOCKEY PUMP UL/FM Set ( Eaton Cutler Hammer Controller ),5,1,5,
34,FIRE PUMP & JOCKEY PUMP UL/FM Set ( Eaton Cutler Hammer Controller ),1,1,1,"HORSE POWER
ELECTRIC"
34,FIRE PUMP & JOCKEY PUMP UL/FM Set ( Eaton Cutler Hammer Controller ),1,1,2,
34,FIRE PUMP & JOCKEY PUMP UL/FM Set ( Eaton Cutler Hammer Controller ),1,1,3,
34,FIRE PUMP & JOCKEY PUMP UL/FM Set ( Eaton Cutler Hammer Controller ),1,1,4,"MISTISO
UL- MOTOR
UL-CONTROLLER
PUMP – COPY AURORA"
34,FIRE PUMP & JOCKEY PUMP UL/FM Set ( Eaton Cutler Hammer Controller ),1,1,5,"AURORA
UL-FM
-DESIEL"
34,FIRE PUMP & JOCKEY PUMP UL/FM Set ( Eaton Cutler Hammer Controller ),1,2,1,20 HP - 3 HP
34,FIRE PUMP & JOCKEY PUMP UL/FM Set ( Eaton Cutler Hammer Controller ),1,2,2,
34,FIRE PUMP & JOCKEY PUMP UL/FM Set ( Eaton Cutler Hammer Controller ),1,2,3,
34,FIRE PUMP & JOCKEY PUMP UL/FM Set ( Eaton Cutler Hammer Controller ),1,2,4,
34,FIRE PUMP & JOCKEY PUMP UL/FM Set ( Eaton Cutler Hammer Controller ),1,2,5,
34,FIRE PUMP & JOCKEY PUMP UL/FM Set ( Eaton Cutler Hammer Controller ),1,3,1,25 HP - 3 HP
34,FIRE PUMP & JOCKEY PUMP UL/FM Set ( Eaton Cutler Hammer Controller ),1,3,2,
34,FIRE PUMP & JOCKEY PUMP UL/FM Set ( Eaton Cutler Hammer Controller ),1,3,3,
34,FIRE PUMP & JOCKEY PUMP UL/FM Set ( Eaton Cutler Hammer Controller ),1,3,4,
34,FIRE PUMP & JOCKEY PUMP UL/FM Set ( Eaton Cutler Hammer Controller ),1,3,5,
34,FIRE PUMP & JOCKEY PUMP UL/FM Set ( Eaton Cutler Hammer Controller ),1,4,1,30 HP - 3 HP
34,FIRE PUMP & JOCKEY PUMP UL/FM Set ( Eaton Cutler Hammer Controller ),1,4,2,
34,FIRE PUMP & JOCKEY PUMP UL/FM Set ( Eaton Cutler Hammer Controller ),1,4,3,
34,FIRE PUMP & JOCKEY PUMP UL/FM Set ( Eaton Cutler Hammer Controller ),1,4,4,"1,850,000"
34,FIRE PUMP & JOCKEY PUMP UL/FM Set ( Eaton Cutler Hammer Controller ),1,4,5,
34,FIRE PUMP & JOCKEY PUMP UL/FM Set ( Eaton Cutler Hammer Controller ),1,5,1,40 HP - 4 HP
34,FIRE PUMP & JOCKEY PUMP UL/FM Set ( Eaton Cutler Hammer Controller ),1,5,2,
34,FIRE PUMP & JOCKEY PUMP UL/FM Set ( Eaton Cutler Hammer Controller ),1,5,3,
34,FIRE PUMP & JOCKEY PUMP UL/FM Set ( Eaton Cutler Hammer Controller ),1,5,4,"1,980,000"
34,FIRE PUMP & JOCKEY PUMP UL/FM Set ( Eaton Cutler Hammer Controller ),1,5,5,
34,FIRE PUMP & JOCKEY PUMP UL/FM Set ( Eaton Cutler Hammer Controller ),1,6,1,50 HP - 5 HP
34,FIRE PUMP & JOCKEY PUMP UL/FM Set ( Eaton Cutler Hammer Controller ),1,6,2,
34,FIRE PUMP & JOCKEY PUMP UL/FM Set ( Eaton Cutler Hammer Controller ),1,6,3,
34,FIRE PUMP & JOCKEY PUMP UL/FM Set ( Eaton Cutler Hammer Controller ),1,6,4,"2,150,000"
34,FIRE PUMP & JOCKEY PUMP UL/FM Set ( Eaton Cutler Hammer Controller ),1,6,5,
34,FIRE PUMP & JOCKEY PUMP UL/FM Set ( Eaton Cutler Hammer Controller ),2,1,1,60 HP - 5 HP
34,FIRE PUMP & JOCKEY PUMP UL/FM Set ( Eaton Cutler Hammer Controller ),2,1,2,
34,FIRE PUMP & JOCKEY PUMP UL/FM Set ( Eaton Cutler Hammer Controller ),2,1,3,
34,FIRE PUMP & JOCKEY PUMP UL/FM Set ( Eaton Cutler Hammer Controller ),2,1,4,"2,220,000"
34,FIRE PUMP & JOCKEY PUMP UL/FM Set ( Eaton Cutler Hammer Controller ),2,1,5,
34,FIRE PUMP & JOCKEY PUMP UL/FM Set ( Eaton Cutler Hammer Controller ),2,2,1,75 HP - 5 HP
34,FIRE PUMP & JOCKEY PUMP UL/FM Set ( Eaton Cutler Hammer Controller ),2,2,2,
34,FIRE PUMP & JOCKEY PUMP UL/FM Set ( Eaton Cutler Hammer Controller ),2,2,3,
34,FIRE PUMP & JOCKEY PUMP UL/FM Set ( Eaton Cutler Hammer Controller ),2,2,4,"2,435,000"
34,FIRE PUMP & JOCKEY PUMP UL/FM Set ( Eaton Cutler Hammer Controller ),2,2,5,
34,FIRE PUMP & JOCKEY PUMP UL/FM Set ( Eaton Cutler Hammer Controller ),2,3,1,100 HP - 7.5 HP
34,FIRE PUMP & JOCKEY PUMP UL/FM Set ( Eaton Cutler Hammer Controller ),2,3,2,
34,FIRE PUMP & JOCKEY PUMP UL/FM Set ( Eaton Cutler Hammer Controller ),2,3,3,
34,FIRE PUMP & JOCKEY PUMP UL/FM Set ( Eaton Cutler Hammer Controller ),2,3,4,"2,550,000"
34,FIRE PUMP & JOCKEY PUMP UL/FM Set ( Eaton Cutler Hammer Controller ),2,3,5,
34,FIRE PUMP & JOCKEY PUMP UL/FM Set ( Eaton Cutler Hammer Controller ),3,1,1,HORIZONTAL SPLIT CASE
34,FIRE PUMP & JOCKEY PUMP UL/FM Set ( Eaton Cutler Hammer Controller ),3,1,2,VERTICAL TURBINE
34,FIRE PUMP & JOCKEY PUMP UL/FM Set ( Eaton Cutler Hammer Controller ),4,1,1,125 HP - 7.5 HP
34,FIRE PUMP & JOCKEY PUMP UL/FM Set ( Eaton Cutler Hammer Controller ),4,1,2,
34,FIRE PUMP & JOCKEY PUMP UL/FM Set ( Eaton Cutler Hammer Controller ),4,1,3,
34,FIRE PUMP & JOCKEY PUMP UL/FM Set ( Eaton Cutler Hammer Controller ),4,1,4,"2,680,000"
34,FIRE PUMP & JOCKEY PUMP UL/FM Set ( Eaton Cutler Hammer Controller ),4,1,5,
34,FIRE PUMP & JOCKEY PUMP UL/FM Set ( Eaton Cutler Hammer Controller ),5,1,1,150 HP - 7.5 HP
34,FIRE PUMP & JOCKEY PUMP UL/FM Set ( Eaton Cutler Hammer Controller ),5,1,2,
34,FIRE PUMP & JOCKEY PUMP UL/FM Set ( Eaton Cutler Hammer Controller ),5,1,3,
34,FIRE PUMP & JOCKEY PUMP UL/FM Set ( Eaton Cutler Hammer Controller ),5,1,4,"2,820,000"
34,FIRE PUMP & JOCKEY PUMP UL/FM Set ( Eaton Cutler Hammer Controller ),5,1,5,
35,FIRE PUMP | JOCKEY PUMP | CAPACITY & PRESSURE | HORIZONTAL SET,1,1,1,10 hp
35,FIRE PUMP | JOCKEY PUMP | CAPACITY & PRESSURE | HORIZONTAL SET,1,1,2,2 hp
35,FIRE PUMP | JOCKEY PUMP | CAPACITY & PRESSURE | HORIZONTAL SET,1,1,3,100GPM@100PSI
35,FIRE PUMP | JOCKEY PUMP | CAPACITY & PRESSURE | HORIZONTAL SET,1,1,4,"130,000"
35,FIRE PUMP | JOCKEY PUMP | CAPACITY & PRESSURE | HORIZONTAL SET,1,2,1,15 hp
35,FIRE PUMP | JOCKEY PUMP | CAPACITY & PRESSURE | HORIZONTAL SET,1,2,2,3 hp
35,FIRE PUMP | JOCKEY PUMP | CAPACITY & PRESSURE | HORIZONTAL SET,1,2,3,150GPM@100PSI
35,FIRE PUMP | JOCKEY PUMP | CAPACITY & PRESSURE | HORIZONTAL SET,1,2,4,"150,000"
35,FIRE PUMP | JOCKEY PUMP | CAPACITY & PRESSURE | HORIZONTAL SET,1,3,1,20 hp
35,FIRE PUMP | JOCKEY PUMP | CAPACITY & PRESSURE | HORIZONTAL SET,1,3,2,3 hp
35,FIRE PUMP | JOCKEY PUMP | CAPACITY & PRESSURE | HORIZONTAL SET,1,3,3,180GPM@100PSI
35,FIRE PUMP | JOCKEY PUMP | CAPACITY & PRESSURE | HORIZONTAL SET,1,3,4,"160,000"
35,FIRE PUMP | JOCKEY PUMP | CAPACITY & PRESSURE | HORIZONTAL SET,1,4,1,25 hp
35,FIRE PUMP | JOCKEY PUMP | CAPACITY & PRESSURE | HORIZONTAL SET,1,4,2,3 hp
35,FIRE PUMP | JOCKEY PUMP | CAPACITY & PRESSURE | HORIZONTAL SET,1,4,3,220GPM@100PSI
35,FIRE PUMP | JOCKEY PUMP | CAPACITY & PRESSURE | HORIZONTAL SET,1,4,4,"170,000"
35,FIRE PUMP | JOCKEY PUMP | CAPACITY & PRESSURE | HORIZONTAL SET,1,5,1,30 hp
35,FIRE PUMP | JOCKEY PUMP | CAPACITY & PRESSURE | HORIZONTAL SET,1,5,2,3 hp
35,FIRE PUMP | JOCKEY PUMP | CAPACITY & PRESSURE | HORIZONTAL SET,1,5,3,300GPM@100PSI
35,FIRE PUMP | JOCKEY PUMP | CAPACITY & PRESSURE | HORIZONTAL SET,1,5,4,"190,000"
35,FIRE PUMP | JOCKEY PUMP | CAPACITY & PRESSURE | HORIZONTAL SET,1,6,1,40 hp
35,FIRE PUMP | JOCKEY PUMP | CAPACITY & PRESSURE | HORIZONTAL SET,1,6,2,5 hp
35,FIRE PUMP | JOCKEY PUMP | CAPACITY & PRESSURE | HORIZONTAL SET,1,6,3,400GPM@100PSI
35,FIRE PUMP | JOCKEY PUMP | CAPACITY & PRESSURE | HORIZONTAL SET,1,6,4,"210,000"
35,FIRE PUMP | JOCKEY PUMP | CAPACITY & PRESSURE | HORIZONTAL SET,1,7,1,50 hp
35,FIRE PUMP | JOCKEY PUMP | CAPACITY & PRESSURE | HORIZONTAL SET,1,7,2,5 hp
35,FIRE PUMP | JOCKEY PUMP | CAPACITY & PRESSURE | HORIZONTAL SET,1,7,3,500GPM@100PSI
35,FIRE PUMP | JOCKEY PUMP | CAPACITY & PRESSURE | HORIZONTAL SET,1,7,4,"235,000"
35,FIRE PUMP | JOCKEY PUMP | CAPACITY & PRESSURE | HORIZONTAL SET,1,8,1,60 hp
35,FIRE PUMP | JOCKEY PUMP | CAPACITY & PRESSURE | HORIZONTAL SET,1,8,2,5 hp
35,FIRE PUMP | JOCKEY PUMP | CAPACITY & PRESSURE | HORIZONTAL SET,1,8,3,600GPM@100PSI
35,FIRE PUMP | JOCKEY PUMP | CAPACITY & PRESSURE | HORIZONTAL SET,1,8,4,"265,000"
35,FIRE PUMP | JOCKEY PUMP | CAPACITY & PRESSURE | HORIZONTAL SET,2,1,1,75 hp
35,FIRE PUMP | JOCKEY PUMP | CAPACITY & PRESSURE | HORIZONTAL SET,2,1,2,5 hp
35,FIRE PUMP | JOCKEY PUMP | CAPACITY & PRESSURE | HORIZONTAL SET,2,1,3,750 GPM@100PSI
35,FIRE PUMP | JOCKEY PUMP | CAPACITY & PRESSURE | HORIZONTAL SET,2,1,4,"310,000"
35,FIRE PUMP | JOCKEY PUMP | CAPACITY & PRESSURE | HORIZONTAL SET,3,1,1,FIRE PUMP
35,FIRE PUMP | JOCKEY PUMP | CAPACITY & PRESSURE | HORIZONTAL SET,3,1,2,JOCKEY PUMP
35,FIRE PUMP | JOCKEY PUMP | CAPACITY & PRESSURE | HORIZONTAL SET,3,1,3,CAPACITY & PRESSURE
35,FIRE PUMP | JOCKEY PUMP | CAPACITY & PRESSURE | HORIZONTAL SET,3,1,4,HORIZONTAL SET
35,FIRE PUMP | JOCKEY PUMP | CAPACITY & PRESSURE | HORIZONTAL SET,4,1,1,75 hp
35,FIRE PUMP | JOCKEY PUMP | CAPACITY & PRESSURE | HORIZONTAL SET,4,1,2,5 hp
35,FIRE PUMP | JOCKEY PUMP | CAPACITY & PRESSURE | HORIZONTAL SET,4,1,3,500-600 @130PSI
35,FIRE PUMP | JOCKEY PUMP | CAPACITY & PRESSURE | HORIZONTAL SET,4,1,4,"310,000"
35,FIRE PUMP | JOCKEY PUMP | CAPACITY & PRESSURE | HORIZONTAL SET,5,1,1,100 hp
35,FIRE PUMP | JOCKEY PUMP | CAPACITY & PRESSURE | HORIZONTAL SET,5,1,2,5 hp
35,FIRE PUMP | JOCKEY PUMP | CAPACITY & PRESSURE | HORIZONTAL SET,5,1,3,"750-1000
@100-125PSI"
35,FIRE PUMP | JOCKEY PUMP | CAPACITY & PRESSURE | HORIZONTAL SET,5,1,4,"430,000"
36,FIRE PUMP | Controller | CAPACITY & PRESSURE | FIRE PUMP + CONTROLLER,1,1,1,10 hp
36,FIRE PUMP | Controller | CAPACITY & PRESSURE | FIRE PUMP + CONTROLLER,1,1,2,10 hp
36,FIRE PUMP | Controller | CAPACITY & PRESSURE | FIRE PUMP + CONTROLLER,1,1,3,100GPM@100PSI
36,FIRE PUMP | Controller | CAPACITY & PRESSURE | FIRE PUMP + CONTROLLER,1,1,4,"95,000"
36,FIRE PUMP | Controller | CAPACITY & PRESSURE | FIRE PUMP + CONTROLLER,1,2,1,15 hp
36,FIRE PUMP | Controller | CAPACITY & PRESSURE | FIRE PUMP + CONTROLLER,1,2,2,15 hp
36,FIRE PUMP | Controller | CAPACITY & PRESSURE | FIRE PUMP + CONTROLLER,1,2,3,150GPM@100PSI
36,FIRE PUMP | Controller | CAPACITY & PRESSURE | FIRE PUMP + CONTROLLER,1,2,4,"105,000"
36,FIRE PUMP | Controller | CAPACITY & PRESSURE | FIRE PUMP + CONTROLLER,1,3,1,20 hp
36,FIRE PUMP | Controller | CAPACITY & PRESSURE | FIRE PUMP + CONTROLLER,1,3,2,20 hp
36,FIRE PUMP | Controller | CAPACITY & PRESSURE | FIRE PUMP + CONTROLLER,1,3,3,180GPM@100PSI
36,FIRE PUMP | Controller | CAPACITY & PRESSURE | FIRE PUMP + CONTROLLER,1,3,4,"125,000"
36,FIRE PUMP | Controller | CAPACITY & PRESSURE | FIRE PUMP + CONTROLLER,1,4,1,25 hp
36,FIRE PUMP | Controller | CAPACITY & PRESSURE | FIRE PUMP + CONTROLLER,1,4,2,25 hp
36,FIRE PUMP | Controller | CAPACITY & PRESSURE | FIRE PUMP + CONTROLLER,1,4,3,220GPM@100PSI
36,FIRE PUMP | Controller | CAPACITY & PRESSURE | FIRE PUMP + CONTROLLER,1,4,4,"135,000"
36,FIRE PUMP | Controller | CAPACITY & PRESSURE | FIRE PUMP + CONTROLLER,1,5,1,30 hp
36,FIRE PUMP | Controller | CAPACITY & PRESSURE | FIRE PUMP + CONTROLLER,1,5,2,30 hp
36,FIRE PUMP | Controller | CAPACITY & PRESSURE | FIRE PUMP + CONTROLLER,1,5,3,300GPM@100PSI
36,FIRE PUMP | Controller | CAPACITY & PRESSURE | FIRE PUMP + CONTROLLER,1,5,4,"150,000"
36,FIRE PUMP | Controller | CAPACITY & PRESSURE | FIRE PUMP + CONTROLLER,1,6,1,40 hp
36,FIRE PUMP | Controller | CAPACITY & PRESSURE | FIRE PUMP + CONTROLLER,1,6,2,40 hp
36,FIRE PUMP | Controller | CAPACITY & PRESSURE | FIRE PUMP + CONTROLLER,1,6,3,400GPM@100PSI
36,FIRE PUMP | Controller | CAPACITY & PRESSURE | FIRE PUMP + CONTROLLER,1,6,4,"165,000"
36,FIRE PUMP | Controller | CAPACITY & PRESSURE | FIRE PUMP + CONTROLLER,1,7,1,50 hp
36,FIRE PUMP | Controller | CAPACITY & PRESSURE | FIRE PUMP + CONTROLLER,1,7,2,50 hp
36,FIRE PUMP | Controller | CAPACITY & PRESSURE | FIRE PUMP + CONTROLLER,1,7,3,500GPM@100PSI
36,FIRE PUMP | Controller | CAPACITY & PRESSURE | FIRE PUMP + CONTROLLER,1,7,4,"180,000"
36,FIRE PUMP | Controller | CAPACITY & PRESSURE | FIRE PUMP + CONTROLLER,1,8,1,60 hp
36,FIRE PUMP | Controller | CAPACITY & PRESSURE | FIRE PUMP + CONTROLLER,1,8,2,60 hp
36,FIRE PUMP | Controller | CAPACITY & PRESSURE | FIRE PUMP + CONTROLLER,1,8,3,600GPM@100PSI
36,FIRE PUMP | Controller | CAPACITY & PRESSURE | FIRE PUMP + CONTROLLER,1,8,4,"205,000"
36,FIRE PUMP | Controller | CAPACITY & PRESSURE | FIRE PUMP + CONTROLLER,2,1,1,75 hp
36,FIRE PUMP | Controller | CAPACITY & PRESSURE | FIRE PUMP + CONTROLLER,2,1,2,75 hp
36,FIRE PUMP | Controller | CAPACITY & PRESSURE | FIRE PUMP + CONTROLLER,2,1,3,750 GPM@100PSI
36,FIRE PUMP | Controller | CAPACITY & PRESSURE | FIRE PUMP + CONTROLLER,2,1,4,"245,000"
36,FIRE PUMP | Controller | CAPACITY & PRESSURE | FIRE PUMP + CONTROLLER,3,1,1,FIRE PUMP
36,FIRE PUMP | Controller | CAPACITY & PRESSURE | FIRE PUMP + CONTROLLER,3,1,2,Controller
36,FIRE PUMP | Controller | CAPACITY & PRESSURE | FIRE PUMP + CONTROLLER,3,1,3,CAPACITY & PRESSURE
36,FIRE PUMP | Controller | CAPACITY & PRESSURE | FIRE PUMP + CONTROLLER,3,1,4,"FIRE PUMP
+ CONTROLLER"
36,FIRE PUMP | Controller | CAPACITY & PRESSURE | FIRE PUMP + CONTROLLER,4,1,1,75 hp
36,FIRE PUMP | Controller | CAPACITY & PRESSURE | FIRE PUMP + CONTROLLER,4,1,2,75 hp
36,FIRE PUMP | Controller | CAPACITY & PRESSURE | FIRE PUMP + CONTROLLER,4,1,3,500-600 @130PSI
36,FIRE PUMP | Controller | CAPACITY & PRESSURE | FIRE PUMP + CONTROLLER,4,1,4,"245,000"
36,FIRE PUMP | Controller | CAPACITY & PRESSURE | FIRE PUMP + CONTROLLER,5,1,1,FIRE PUMP ONLY
36,FIRE PUMP | Controller | CAPACITY & PRESSURE | FIRE PUMP + CONTROLLER,5,2,1,"85,000"
36,FIRE PUMP | Controller | CAPACITY & PRESSURE | FIRE PUMP + CONTROLLER,5,3,1,"92,000"
36,FIRE PUMP | Controller | CAPACITY & PRESSURE | FIRE PUMP + CONTROLLER,5,4,1,"110,000"
36,FIRE PUMP | Controller | CAPACITY & PRESSURE | FIRE PUMP + CONTROLLER,5,5,1,"118,000"
36,FIRE PUMP | Controller | CAPACITY & PRESSURE | FIRE PUMP + CONTROLLER,5,6,1,"128,000"
36,FIRE PUMP | Controller | CAPACITY & PRESSURE | FIRE PUMP + CONTROLLER,5,7,1,"135,000"
36,FIRE PUMP | Controller | CAPACITY & PRESSURE | FIRE PUMP + CONTROLLER,5,8,1,"145,000"
36,FIRE PUMP | Controller | CAPACITY & PRESSURE | FIRE PUMP + CONTROLLER,6,1,1,"160,000"
36,FIRE PUMP | Controller | CAPACITY & PRESSURE | FIRE PUMP + CONTROLLER,6,2,1,"205,000"
36,FIRE PUMP | Controller | CAPACITY & PRESSURE | FIRE PUMP + CONTROLLER,6,3,1,"205,000"
37,FIRE PUMP | JOCKEY PUMP | VERTICAL SET | CAPACITY & PRESSURE,1,1,1,FIRE PUMP
37,FIRE PUMP | JOCKEY PUMP | VERTICAL SET | CAPACITY & PRESSURE,1,1,2,JOCKEY PUMP
37,FIRE PUMP | JOCKEY PUMP | VERTICAL SET | CAPACITY & PRESSURE,1,1,3,VERTICAL SET
37,FIRE PUMP | JOCKEY PUMP | VERTICAL SET | CAPACITY & PRESSURE,1,1,4,CAPACITY & PRESSURE
37,FIRE PUMP | JOCKEY PUMP | VERTICAL SET | CAPACITY & PRESSURE,2,1,1,10 hp
37,FIRE PUMP | JOCKEY PUMP | VERTICAL SET | CAPACITY & PRESSURE,2,1,2,2 hp
37,FIRE PUMP | JOCKEY PUMP | VERTICAL SET | CAPACITY & PRESSURE,2,1,3,"125,000"
37,FIRE PUMP | JOCKEY PUMP | VERTICAL SET | CAPACITY & PRESSURE,2,1,4,
37,FIRE PUMP | JOCKEY PUMP | VERTICAL SET | CAPACITY & PRESSURE,2,2,1,15 hp
37,FIRE PUMP | JOCKEY PUMP | VERTICAL SET | CAPACITY & PRESSURE,2,2,2,2 hp
37,FIRE PUMP | JOCKEY PUMP | VERTICAL SET | CAPACITY & PRESSURE,2,2,3,"135,000"
37,FIRE PUMP | JOCKEY PUMP | VERTICAL SET | CAPACITY & PRESSURE,2,2,4,
37,FIRE PUMP | JOCKEY PUMP | VERTICAL SET | CAPACITY & PRESSURE,2,3,1,20 hp
37,FIRE PUMP | JOCKEY PUMP | VERTICAL SET | CAPACITY & PRESSURE,2,3,2,3 hp
37,FIRE PUMP | JOCKEY PUMP | VERTICAL SET | CAPACITY & PRESSURE,2,3,3,"145,000"
37,FIRE PUMP | JOCKEY PUMP | VERTICAL SET | CAPACITY & PRESSURE,2,3,4,
37,FIRE PUMP | JOCKEY PUMP | VERTICAL SET | CAPACITY & PRESSURE,2,4,1,25 hp
37,FIRE PUMP | JOCKEY PUMP | VERTICAL SET | CAPACITY & PRESSURE,2,4,2,3 hp
37,FIRE PUMP | JOCKEY PUMP | VERTICAL SET | CAPACITY & PRESSURE,2,4,3,"155,000"
37,FIRE PUMP | JOCKEY PUMP | VERTICAL SET | CAPACITY & PRESSURE,2,4,4,
37,FIRE PUMP | JOCKEY PUMP | VERTICAL SET | CAPACITY & PRESSURE,2,5,1,30 hp
37,FIRE PUMP | JOCKEY PUMP | VERTICAL SET | CAPACITY & PRESSURE,2,5,2,3 hp
37,FIRE PUMP | JOCKEY PUMP | VERTICAL SET | CAPACITY & PRESSURE,2,5,3,"170,000"
37,FIRE PUMP | JOCKEY PUMP | VERTICAL SET | CAPACITY & PRESSURE,2,5,4,
37,FIRE PUMP | JOCKEY PUMP | VERTICAL SET | CAPACITY & PRESSURE,2,6,1,40 hp
37,FIRE PUMP | JOCKEY PUMP | VERTICAL SET | CAPACITY & PRESSURE,2,6,2,5 hp
37,FIRE PUMP | JOCKEY PUMP | VERTICAL SET | CAPACITY & PRESSURE,2,6,3,"195,000"
37,FIRE PUMP | JOCKEY PUMP | VERTICAL SET | CAPACITY & PRESSURE,2,6,4,
37,FIRE PUMP | JOCKEY PUMP | VERTICAL SET | CAPACITY & PRESSURE,2,7,1,50 hp
37,FIRE PUMP | JOCKEY PUMP | VERTICAL SET | CAPACITY & PRESSURE,2,7,2,5 hp
37,FIRE PUMP | JOCKEY PUMP | VERTICAL SET | CAPACITY & PRESSURE,2,7,3,"225,000"
37,FIRE PUMP | JOCKEY PUMP | VERTICAL SET | CAPACITY & PRESSURE,2,7,4,
37,FIRE PUMP | JOCKEY PUMP | VERTICAL SET | CAPACITY & PRESSURE,2,8,1,60 hp
37,FIRE PUMP | JOCKEY PUMP | VERTICAL SET | CAPACITY & PRESSURE,2,8,2,5 hp
37,FIRE PUMP | JOCKEY PUMP | VERTICAL SET | CAPACITY & PRESSURE,2,8,3,"250,000"
37,FIRE PUMP | JOCKEY PUMP | VERTICAL SET | CAPACITY & PRESSURE,2,8,4,
37,FIRE PUMP | JOCKEY PUMP | VERTICAL SET | CAPACITY & PRESSURE,3,1,1,75 hp
37,FIRE PUMP | JOCKEY PUMP | VERTICAL SET | CAPACITY & PRESSURE,3,1,2,5 hp
37,FIRE PUMP | JOCKEY PUMP | VERTICAL SET | CAPACITY & PRESSURE,3,1,3,"295,000"
37,FIRE PUMP | JOCKEY PUMP | VERTICAL SET | CAPACITY & PRESSURE,3,1,4,
38,FIRE PUMP | JOCKEY PUMP | SET,1,1,1,75 hp
38,FIRE PUMP | JOCKEY PUMP | SET,1,1,2,5 hp
38,FIRE PUMP | JOCKEY PUMP | SET,1,1,3,"860,000"
38,FIRE PUMP | JOCKEY PUMP | SET,2,1,1,
38,FIRE PUMP | JOCKEY PUMP | SET,2,2,1,
38,FIRE PUMP | JOCKEY PUMP | SET,2,3,1,
38,FIRE PUMP | JOCKEY PUMP | SET,2,4,1,
38,FIRE PUMP | JOCKEY PUMP | SET,2,5,1,
38,FIRE PUMP | JOCKEY PUMP | SET,2,6,1,
38,FIRE PUMP | JOCKEY PUMP | SET,2,7,1,
38,FIRE PUMP | JOCKEY PUMP | SET,2,8,1,
38,FIRE PUMP | JOCKEY PUMP | SET,3,1,1,FIRE PUMP
38,FIRE PUMP | JOCKEY PUMP | SET,3,1,2,JOCKEY PUMP
38,FIRE PUMP | JOCKEY PUMP | SET,3,1,3,SET
38,FIRE PUMP | JOCKEY PUMP | SET,4,1,1,10 hp
38,FIRE PUMP | JOCKEY PUMP | SET,4,1,2,2 hp
38,FIRE PUMP | JOCKEY PUMP | SET,4,1,3,"315,000"
38,FIRE PUMP | JOCKEY PUMP | SET,4,2,1,15 hp
38,FIRE PUMP | JOCKEY PUMP | SET,4,2,2,2 hp
38,FIRE PUMP | JOCKEY PUMP | SET,4,2,3,"335,000"
38,FIRE PUMP | JOCKEY PUMP | SET,4,3,1,20 hp
38,FIRE PUMP | JOCKEY PUMP | SET,4,3,2,3 hp
38,FIRE PUMP | JOCKEY PUMP | SET,4,3,3,"355,000"
38,FIRE PUMP | JOCKEY PUMP | SET,4,4,1,25 hp
38,FIRE PUMP | JOCKEY PUMP | SET,4,4,2,3 hp
38,FIRE PUMP | JOCKEY PUMP | SET,4,4,3,"395,000"
38,FIRE PUMP | JOCKEY PUMP | SET,4,5,1,30 hp
38,FIRE PUMP | JOCKEY PUMP | SET,4,5,2,3 hp
38,FIRE PUMP | JOCKEY PUMP | SET,4,5,3,"430,000"
38,FIRE PUMP | JOCKEY PUMP | SET,4,6,1,40 hp
38,FIRE PUMP | JOCKEY PUMP | SET,4,6,2,5 hp
38,FIRE PUMP | JOCKEY PUMP | SET,4,6,3,"498,000"
38,FIRE PUMP | JOCKEY PUMP | SET,4,7,1,50 hp
38,FIRE PUMP | JOCKEY PUMP | SET,4,7,2,5 hp
38,FIRE PUMP | JOCKEY PUMP | SET,4,7,3,"570,000"
38,FIRE PUMP | JOCKEY PUMP | SET,4,8,1,60 hp
38,FIRE PUMP | JOCKEY PUMP | SET,4,8,2,5 hp
38,FIRE PUMP | JOCKEY PUMP | SET,4,8,3,"670,000"
38,FIRE PUMP | JOCKEY PUMP | SET,5,1,1,
38,FIRE PUMP | JOCKEY PUMP | SET,6,1,1,100 hp
38,FIRE PUMP | JOCKEY PUMP | SET,6,1,2,7.5 hp
38,FIRE PUMP | JOCKEY PUMP | SET,6,1,3,"895,000"
38,FIRE PUMP | JOCKEY PUMP | SET,7,1,1,125 hp
38,FIRE PUMP | JOCKEY PUMP | SET,7,1,2,10 hp
38,FIRE PUMP | JOCKEY PUMP | SET,7,1,3,"946,000"
38,FIRE PUMP | JOCKEY PUMP | SET,8,1,1,150 hp
38,FIRE PUMP | JOCKEY PUMP | SET,8,1,2,10 hp
38,FIRE PUMP | JOCKEY PUMP | SET,8,1,3,"1,150,000"
39,FIRE PUMP | JOCKEY PUMP | SET,1,1,1,147 hp
39,FIRE PUMP | JOCKEY PUMP | SET,1,1,2,5 hp
39,FIRE PUMP | JOCKEY PUMP | SET,1,1,3,"1,380,000"
39,FIRE PUMP | JOCKEY PUMP | SET,2,1,1,200 GPM @100PSI
39,FIRE PUMP | JOCKEY PUMP | SET,2,2,1,250 GPM @100PSI
39,FIRE PUMP | JOCKEY PUMP | SET,2,3,1,300 GPM @ 100PSI
39,FIRE PUMP | JOCKEY PUMP | SET,2,4,1,400 GPM @100 PSI
39,FIRE PUMP | JOCKEY PUMP | SET,2,5,1,500 GPM @100PSI
39,FIRE PUMP | JOCKEY PUMP | SET,2,6,1,600 GPM @100-120 PSI
39,FIRE PUMP | JOCKEY PUMP | SET,2,7,1,750 GPM @100 PSI
39,FIRE PUMP | JOCKEY PUMP | SET,2,8,1,1000 GPM @100 PSI
39,FIRE PUMP | JOCKEY PUMP | SET,3,1,1,FIRE PUMP
39,FIRE PUMP | JOCKEY PUMP | SET,3,1,2,JOCKEY PUMP
39,FIRE PUMP | JOCKEY PUMP | SET,3,1,3,SET
39,FIRE PUMP | JOCKEY PUMP | SET,4,1,1,27 hp
39,FIRE PUMP | JOCKEY PUMP | SET,4,1,2,2 hp
39,FIRE PUMP | JOCKEY PUMP | SET,4,1,3,"670,000"
39,FIRE PUMP | JOCKEY PUMP | SET,4,2,1,32 hp
39,FIRE PUMP | JOCKEY PUMP | SET,4,2,2,2 hp
39,FIRE PUMP | JOCKEY PUMP | SET,4,2,3,"725,000"
39,FIRE PUMP | JOCKEY PUMP | SET,4,3,1,42 hp
39,FIRE PUMP | JOCKEY PUMP | SET,4,3,2,3 hp
39,FIRE PUMP | JOCKEY PUMP | SET,4,3,3,"780,000"
39,FIRE PUMP | JOCKEY PUMP | SET,4,4,1,57 hp
39,FIRE PUMP | JOCKEY PUMP | SET,4,4,2,3 hp
39,FIRE PUMP | JOCKEY PUMP | SET,4,4,3,"885,000"
39,FIRE PUMP | JOCKEY PUMP | SET,4,5,1,61 hp
39,FIRE PUMP | JOCKEY PUMP | SET,4,5,2,3 hp
39,FIRE PUMP | JOCKEY PUMP | SET,4,5,3,"870,000"
39,FIRE PUMP | JOCKEY PUMP | SET,4,6,1,75 hp
39,FIRE PUMP | JOCKEY PUMP | SET,4,6,2,5 hp
39,FIRE PUMP | JOCKEY PUMP | SET,4,6,3,"910,000"
39,FIRE PUMP | JOCKEY PUMP | SET,4,7,1,96 hp
39,FIRE PUMP | JOCKEY PUMP | SET,4,7,2,5 hp
39,FIRE PUMP | JOCKEY PUMP | SET,4,7,3,"930,000"
39,FIRE PUMP | JOCKEY PUMP | SET,4,8,1,117 hp
39,FIRE PUMP | JOCKEY PUMP | SET,4,8,2,5 hp
39,FIRE PUMP | JOCKEY PUMP | SET,4,8,3,"1,110,000"
39,FIRE PUMP | JOCKEY PUMP | SET,5,1,1,211 hp
39,FIRE PUMP | JOCKEY PUMP | SET,5,1,2,7.5 hp
39,FIRE PUMP | JOCKEY PUMP | SET,5,1,3,"1,597,000"
39,FIRE PUMP | JOCKEY PUMP | SET,6,1,1,1250 GPM @100 PSI
39,FIRE PUMP | JOCKEY PUMP | SET,6,2,1,1500 GPM @100 PSI
40,Horizontal Split Case Fire Pump Assembly – Electric – Streamplus Brand Australia -,1,1,1,
40,Horizontal Split Case Fire Pump Assembly – Electric – Streamplus Brand Australia -,1,1,2,
40,Horizontal Split Case Fire Pump Assembly – Electric – Streamplus Brand Australia -,1,2,1,30 HP
40,Horizontal Split Case Fire Pump Assembly – Electric – Streamplus Brand Australia -,1,2,2,"Php 520,000.00"
40,Horizontal Split Case Fire Pump Assembly – Electric – Streamplus Brand Australia -,1,3,1,40 HP
40,Horizontal Split Case Fire Pump Assembly – Electric – Streamplus Brand Australia -,1,3,2,"Php 540,000.00"
40,Horizontal Split Case Fire Pump Assembly – Electric – Streamplus Brand Australia -,1,4,1,50 HP
40,Horizontal Split Case Fire Pump Assembly – Electric – Streamplus Brand Australia -,1,4,2,"Php 620,000.00"
40,Horizontal Split Case Fire Pump Assembly – Electric – Streamplus Brand Australia -,1,5,1,60 HP
40,Horizontal Split Case Fire Pump Assembly – Electric – Streamplus Brand Australia -,1,5,2,"Php 685,000.00"
40,Horizontal Split Case Fire Pump Assembly – Electric – Streamplus Brand Australia -,1,6,1,75 HP
40,Horizontal Split Case Fire Pump Assembly – Electric – Streamplus Brand Australia -,1,6,2,"Php 730,000.00"
40,Horizontal Split Case Fire Pump Assembly – Electric – Streamplus Brand Australia -,1,7,1,100 HP
40,Horizontal Split Case Fire Pump Assembly – Electric – Streamplus Brand Australia -,1,7,2,"Php 860,000.00"
40,Horizontal Split Case Fire Pump Assembly – Electric – Streamplus Brand Australia -,1,8,1,150 HP
40,Horizontal Split Case Fire Pump Assembly – Electric – Streamplus Brand Australia -,1,8,2,"Php 995,000.00"
40,Horizontal Split Case Fire Pump Assembly – Electric – Streamplus Brand Australia -,2,1,1,
40,Horizontal Split Case Fire Pump Assembly – Electric – Streamplus Brand Australia -,2,1,2,
41,Horizontal Split Case Fire Pump Assembly – Electric – PURITY CHINA BRAND-,1,1,1,
41,Horizontal Split Case Fire Pump Assembly – Electric – PURITY CHINA BRAND-,1,1,2,
41,Horizontal Split Case Fire Pump Assembly – Electric – PURITY CHINA BRAND-,1,2,1,40 HP -300gpm
41,Horizontal Split Case Fire Pump Assembly – Electric – PURITY CHINA BRAND-,1,2,2,"Php 510,000.00"
41,Horizontal Split Case Fire Pump Assembly – Electric – PURITY CHINA BRAND-,1,3,1,50 HP -400gpm
41,Horizontal Split Case Fire Pump Assembly – Electric – PURITY CHINA BRAND-,1,3,2,"Php 590,000.00"
41,Horizontal Split Case Fire Pump Assembly – Electric – PURITY CHINA BRAND-,1,4,1,60 HP -500gpm
41,Horizontal Split Case Fire Pump Assembly – Electric – PURITY CHINA BRAND-,1,4,2,"Php 655,000.00"
41,Horizontal Split Case Fire Pump Assembly – Electric – PURITY CHINA BRAND-,1,5,1,75 HP -600gpm
41,Horizontal Split Case Fire Pump Assembly – Electric – PURITY CHINA BRAND-,1,5,2,"Php 610,000.00"
41,Horizontal Split Case Fire Pump Assembly – Electric – PURITY CHINA BRAND-,1,6,1,100 HP -750gpm
41,Horizontal Split Case Fire Pump Assembly – Electric – PURITY CHINA BRAND-,1,6,2,"Php 820,000.00"
41,Horizontal Split Case Fire Pump Assembly – Electric – PURITY CHINA BRAND-,1,7,1,150 HP -1250gpm
41,Horizontal Split Case Fire Pump Assembly – Electric – PURITY CHINA BRAND-,1,7,2,"Php 955,000.00"
42,Horizontal End Suction Fire Pump Assembly- Electric – Streamplus Brand Australia -,1,1,1,20 HP
42,Horizontal End Suction Fire Pump Assembly- Electric – Streamplus Brand Australia -,1,1,2,"Php 305,000.00"
42,Horizontal End Suction Fire Pump Assembly- Electric – Streamplus Brand Australia -,1,2,1,25 HP
42,Horizontal End Suction Fire Pump Assembly- Electric – Streamplus Brand Australia -,1,2,2,"Php 325,000.00"
42,Horizontal End Suction Fire Pump Assembly- Electric – Streamplus Brand Australia -,1,3,1,30 HP
42,Horizontal End Suction Fire Pump Assembly- Electric – Streamplus Brand Australia -,1,3,2,"Php 335,000.00"
42,Horizontal End Suction Fire Pump Assembly- Electric – Streamplus Brand Australia -,1,4,1,40 HP
42,Horizontal End Suction Fire Pump Assembly- Electric – Streamplus Brand Australia -,1,4,2,"Php 370,000.00"
42,Horizontal End Suction Fire Pump Assembly- Electric – Streamplus Brand Australia -,1,5,1,50 HP
42,Horizontal End Suction Fire Pump Assembly- Electric – Streamplus Brand Australia -,1,5,2,"Php 405,000.00"
42,Horizontal End Suction Fire Pump Assembly- Electric – Streamplus Brand Australia -,1,6,1,60 HP
42,Horizontal End Suction Fire Pump Assembly- Electric – Streamplus Brand Australia -,1,6,2,"Php 435,000.00"
42,Horizontal End Suction Fire Pump Assembly- Electric – Streamplus Brand Australia -,1,7,1,75 HP
42,Horizontal End Suction Fire Pump Assembly- Electric – Streamplus Brand Australia -,1,7,2,"Php 485,000.00"
42,Horizontal End Suction Fire Pump Assembly- Electric – Streamplus Brand Australia -,1,8,1,100 HP
42,Horizontal End Suction Fire Pump Assembly- Electric – Streamplus Brand Australia -,1,8,2,"Php 650,000.00"
42,Horizontal End Suction Fire Pump Assembly- Electric – Streamplus Brand Australia -,2,1,1,10 HP
42,Horizontal End Suction Fire Pump Assembly- Electric – Streamplus Brand Australia -,2,1,2,"Php 240,000.00"
42,Horizontal End Suction Fire Pump Assembly- Electric – Streamplus Brand Australia -,2,2,1,15 HP
42,Horizontal End Suction Fire Pump Assembly- Electric – Streamplus Brand Australia -,2,2,2,"Php 270,000.00"
43,Horizontal End Suction and Vertical Inline Fire Pump Assembly – Electric– Purity Brand China -,1,1,1,20 HP
43,Horizontal End Suction and Vertical Inline Fire Pump Assembly – Electric– Purity Brand China -,1,1,2,"Php 215,000"
43,Horizontal End Suction and Vertical Inline Fire Pump Assembly – Electric– Purity Brand China -,1,2,1,25 HP
43,Horizontal End Suction and Vertical Inline Fire Pump Assembly – Electric– Purity Brand China -,1,2,2,"Php 228,000"
43,Horizontal End Suction and Vertical Inline Fire Pump Assembly – Electric– Purity Brand China -,1,3,1,30 HP
43,Horizontal End Suction and Vertical Inline Fire Pump Assembly – Electric– Purity Brand China -,1,3,2,"Php 240,000"
43,Horizontal End Suction and Vertical Inline Fire Pump Assembly – Electric– Purity Brand China -,1,4,1,40 HP
43,Horizontal End Suction and Vertical Inline Fire Pump Assembly – Electric– Purity Brand China -,1,4,2,"Php 270,000"
43,Horizontal End Suction and Vertical Inline Fire Pump Assembly – Electric– Purity Brand China -,1,5,1,50 HP
43,Horizontal End Suction and Vertical Inline Fire Pump Assembly – Electric– Purity Brand China -,1,5,2,"Php 290,000"
43,Horizontal End Suction and Vertical Inline Fire Pump Assembly – Electric– Purity Brand China -,1,6,1,60 HP
43,Horizontal End Suction and Vertical Inline Fire Pump Assembly – Electric– Purity Brand China -,1,6,2,"Php 318,000"
43,Horizontal End Suction and Vertical Inline Fire Pump Assembly – Electric– Purity Brand China -,1,7,1,75 HP
43,Horizontal End Suction and Vertical Inline Fire Pump Assembly – Electric– Purity Brand China -,1,7,2,"Php 353,000"
43,Horizontal End Suction and Vertical Inline Fire Pump Assembly – Electric– Purity Brand China -,1,8,1,100 HP
43,Horizontal End Suction and Vertical Inline Fire Pump Assembly – Electric– Purity Brand China -,1,8,2,"Php 517,500"
43,Horizontal End Suction and Vertical Inline Fire Pump Assembly – Electric– Purity Brand China -,2,1,1,10 HP
43,Horizontal End Suction and Vertical Inline Fire Pump Assembly – Electric– Purity Brand China -,2,1,2,"Php 165,000"
43,Horizontal End Suction and Vertical Inline Fire Pump Assembly – Electric– Purity Brand China -,2,2,1,15 HP
43,Horizontal End Suction and Vertical Inline Fire Pump Assembly – Electric– Purity Brand China -,2,2,2,"Php 175,000"
46,Horizontal End Suction and Vertical Inline Fire Pump Assembly – Electric– Purity Brand China -,1,1,1,20 HP
46,Horizontal End Suction and Vertical Inline Fire Pump Assembly – Electric– Purity Brand China -,1,1,2,"Php 225,000"
46,Horizontal End Suction and Vertical Inline Fire Pump Assembly – Electric– Purity Brand China -,1,2,1,25 HP
46,Horizontal End Suction and Vertical Inline Fire Pump Assembly – Electric– Purity Brand China -,1,2,2,"Php 240,000"
46,Horizontal End Suction and Vertical Inline Fire Pump Assembly – Electric– Purity Brand China -,1,3,1,30 HP
46,Horizontal End Suction and Vertical Inline Fire Pump Assembly – Electric– Purity Brand China -,1,3,2,"Php 255,000"
46,Horizontal End Suction and Vertical Inline Fire Pump Assembly – Electric– Purity Brand China -,1,4,1,40 HP
46,Horizontal End Suction and Vertical Inline Fire Pump Assembly – Electric– Purity Brand China -,1,4,2,"Php 290,000"
46,Horizontal End Suction and Vertical Inline Fire Pump Assembly – Electric– Purity Brand China -,1,5,1,50 HP
46,Horizontal End Suction and Vertical Inline Fire Pump Assembly – Electric– Purity Brand China -,1,5,2,"Php 310,000"
46,Horizontal End Suction and Vertical Inline Fire Pump Assembly – Electric– Purity Brand China -,2,1,1,10 HP
46,Horizontal End Suction and Vertical Inline Fire Pump Assembly – Electric– Purity Brand China -,2,1,2,"Php 170,000"
46,Horizontal End Suction and Vertical Inline Fire Pump Assembly – Electric– Purity Brand China -,2,2,1,15 HP
46,Horizontal End Suction and Vertical Inline Fire Pump Assembly – Electric– Purity Brand China -,2,2,2,"Php 190,000"
47,Horizontal End Suction Fire Pump Assembly – Electric – Purity Brand China -,1,1,1,20 HP
47,Horizontal End Suction Fire Pump Assembly – Electric – Purity Brand China -,1,1,2,"Php 260,000"
47,Horizontal End Suction Fire Pump Assembly – Electric – Purity Brand China -,1,2,1,25 HP
47,Horizontal End Suction Fire Pump Assembly – Electric – Purity Brand China -,1,2,2,"Php 295,000"
47,Horizontal End Suction Fire Pump Assembly – Electric – Purity Brand China -,1,3,1,30 HP
47,Horizontal End Suction Fire Pump Assembly – Electric – Purity Brand China -,1,3,2,"Php 305,000"
47,Horizontal End Suction Fire Pump Assembly – Electric – Purity Brand China -,1,4,1,40 HP
47,Horizontal End Suction Fire Pump Assembly – Electric – Purity Brand China -,1,4,2,"Php 320,000"
47,Horizontal End Suction Fire Pump Assembly – Electric – Purity Brand China -,1,5,1,50 HP
47,Horizontal End Suction Fire Pump Assembly – Electric – Purity Brand China -,1,5,2,"Php 360,000"
47,Horizontal End Suction Fire Pump Assembly – Electric – Purity Brand China -,1,6,1,60 HP
47,Horizontal End Suction Fire Pump Assembly – Electric – Purity Brand China -,1,6,2,"Php 405,000"
47,Horizontal End Suction Fire Pump Assembly – Electric – Purity Brand China -,1,7,1,75 HP
47,Horizontal End Suction Fire Pump Assembly – Electric – Purity Brand China -,1,7,2,"Php 455,000"
47,Horizontal End Suction Fire Pump Assembly – Electric – Purity Brand China -,1,8,1,100 HP
47,Horizontal End Suction Fire Pump Assembly – Electric – Purity Brand China -,1,8,2,"Php 580,000"
47,Horizontal End Suction Fire Pump Assembly – Electric – Purity Brand China -,2,1,1,10 HP
47,Horizontal End Suction Fire Pump Assembly – Electric – Purity Brand China -,2,1,2,"Php 220,000"
47,Horizontal End Suction Fire Pump Assembly – Electric – Purity Brand China -,2,2,1,15 HP
47,Horizontal End Suction Fire Pump Assembly – Electric – Purity Brand China -,2,2,2,"Php 245,000"
48,Horizontal End Suction Fire Pump Assembly- Diesel Engine Driven – Streamplus Brand Australia -,1,1,1,
48,Horizontal End Suction Fire Pump Assembly- Diesel Engine Driven – Streamplus Brand Australia -,1,1,2,
48,Horizontal End Suction Fire Pump Assembly- Diesel Engine Driven – Streamplus Brand Australia -,1,2,1,25 HP – 200 GPM
48,Horizontal End Suction Fire Pump Assembly- Diesel Engine Driven – Streamplus Brand Australia -,1,2,2,"Php 480,000.00"
48,Horizontal End Suction Fire Pump Assembly- Diesel Engine Driven – Streamplus Brand Australia -,1,3,1,30 HP – 250 GPM
48,Horizontal End Suction Fire Pump Assembly- Diesel Engine Driven – Streamplus Brand Australia -,1,3,2,"Php 498,000.00"
48,Horizontal End Suction Fire Pump Assembly- Diesel Engine Driven – Streamplus Brand Australia -,1,4,1,40 HP -300 GPM
48,Horizontal End Suction Fire Pump Assembly- Diesel Engine Driven – Streamplus Brand Australia -,1,4,2,"Php 532,000.00"
48,Horizontal End Suction Fire Pump Assembly- Diesel Engine Driven – Streamplus Brand Australia -,1,5,1,50 HP – 500 GPM
48,Horizontal End Suction Fire Pump Assembly- Diesel Engine Driven – Streamplus Brand Australia -,1,5,2,"Php 660,000.00"
48,Horizontal End Suction Fire Pump Assembly- Diesel Engine Driven – Streamplus Brand Australia -,1,6,1,60 HP - 600 GPM
48,Horizontal End Suction Fire Pump Assembly- Diesel Engine Driven – Streamplus Brand Australia -,1,6,2,"Php 740,000.00"
48,Horizontal End Suction Fire Pump Assembly- Diesel Engine Driven – Streamplus Brand Australia -,1,7,1,75 HP
48,Horizontal End Suction Fire Pump Assembly- Diesel Engine Driven – Streamplus Brand Australia -,1,7,2,"Php 820,000.00"
48,Horizontal End Suction Fire Pump Assembly- Diesel Engine Driven – Streamplus Brand Australia -,1,8,1,100 HP
48,Horizontal End Suction Fire Pump Assembly- Diesel Engine Driven – Streamplus Brand Australia -,1,8,2,"Php 940,000.00"
48,Horizontal End Suction Fire Pump Assembly- Diesel Engine Driven – Streamplus Brand Australia -,2,1,1,40 HP -300 GPM
48,Horizontal End Suction Fire Pump Assembly- Diesel Engine Driven – Streamplus Brand Australia -,2,1,2,"Php 532,000.00"
49,Horizontal Split Case Fire Pump Assembly- Diesel Driven – PURITY Brand China -,1,1,1,125 PSI MAX
49,Horizontal Split Case Fire Pump Assembly- Diesel Driven – PURITY Brand China -,1,1,2,SET WITH JOCKEY ONLY
49,Horizontal Split Case Fire Pump Assembly- Diesel Driven – PURITY Brand China -,1,2,1,59 BHP -400 GPM
49,Horizontal Split Case Fire Pump Assembly- Diesel Driven – PURITY Brand China -,1,2,2,"Php 750,000.00"
49,Horizontal Split Case Fire Pump Assembly- Diesel Driven – PURITY Brand China -,1,3,1,60 BHP –500 GPM
49,Horizontal Split Case Fire Pump Assembly- Diesel Driven – PURITY Brand China -,1,3,2,"Php 800,000.00"
49,Horizontal Split Case Fire Pump Assembly- Diesel Driven – PURITY Brand China -,1,4,1,80 BHP - 750 GPM
49,Horizontal Split Case Fire Pump Assembly- Diesel Driven – PURITY Brand China -,1,4,2,"Php 900,000.00"
49,Horizontal Split Case Fire Pump Assembly- Diesel Driven – PURITY Brand China -,2,1,1,125 PSI MAX
49,Horizontal Split Case Fire Pump Assembly- Diesel Driven – PURITY Brand China -,2,1,2,ASSEMBLY
49,Horizontal Split Case Fire Pump Assembly- Diesel Driven – PURITY Brand China -,2,2,1,59 BHP -400 GPM
49,Horizontal Split Case Fire Pump Assembly- Diesel Driven – PURITY Brand China -,2,2,2,"Php 880,000.00"
49,Horizontal Split Case Fire Pump Assembly- Diesel Driven – PURITY Brand China -,2,3,1,61 BHP –500 GPM
49,Horizontal Split Case Fire Pump Assembly- Diesel Driven – PURITY Brand China -,2,3,2,"Php 940,000.00"
49,Horizontal Split Case Fire Pump Assembly- Diesel Driven – PURITY Brand China -,2,4,1,80 BHP - 750 GPM
49,Horizontal Split Case Fire Pump Assembly- Diesel Driven – PURITY Brand China -,2,4,2,"Php 1,050,000.00"
50,Horizontal End Suction Fire Pump Assembly- Diesel Driven – PURITY Brand China -,1,1,1,
50,Horizontal End Suction Fire Pump Assembly- Diesel Driven – PURITY Brand China -,1,1,2,
50,Horizontal End Suction Fire Pump Assembly- Diesel Driven – PURITY Brand China -,1,2,1,25 HP – 200 GPM
50,Horizontal End Suction Fire Pump Assembly- Diesel Driven – PURITY Brand China -,1,2,2,"Php 430,000.00"
50,Horizontal End Suction Fire Pump Assembly- Diesel Driven – PURITY Brand China -,1,3,1,30 HP – 250 GPM
50,Horizontal End Suction Fire Pump Assembly- Diesel Driven – PURITY Brand China -,1,3,2,"Php 448,000.00"
50,Horizontal End Suction Fire Pump Assembly- Diesel Driven – PURITY Brand China -,1,4,1,38 HP -300 GPM
50,Horizontal End Suction Fire Pump Assembly- Diesel Driven – PURITY Brand China -,1,4,2,"Php 477,000.00"
50,Horizontal End Suction Fire Pump Assembly- Diesel Driven – PURITY Brand China -,1,5,1,48 HP – 400 GPM
50,Horizontal End Suction Fire Pump Assembly- Diesel Driven – PURITY Brand China -,1,5,2,"Php 590,000.00"
50,Horizontal End Suction Fire Pump Assembly- Diesel Driven – PURITY Brand China -,1,6,1,58 HP - 500 GPM
50,Horizontal End Suction Fire Pump Assembly- Diesel Driven – PURITY Brand China -,1,6,2,"Php 665,000.00"
50,Horizontal End Suction Fire Pump Assembly- Diesel Driven – PURITY Brand China -,1,7,1,68 HP - 600 GPM
50,Horizontal End Suction Fire Pump Assembly- Diesel Driven – PURITY Brand China -,1,7,2,"Php 735,000.00"
50,Horizontal End Suction Fire Pump Assembly- Diesel Driven – PURITY Brand China -,1,8,1,88 HP -750 GPM
50,Horizontal End Suction Fire Pump Assembly- Diesel Driven – PURITY Brand China -,1,8,2,"Php 800,000.00"
51,U- BOLT,1,1,1,LOOP HANGER
51,U- BOLT,1,1,2,
51,U- BOLT,1,2,1,3/4
51,U- BOLT,1,2,2,13.00
51,U- BOLT,1,3,1,1
51,U- BOLT,1,3,2,17.00
51,U- BOLT,1,4,1,1 ¼
51,U- BOLT,1,4,2,21.25
51,U- BOLT,1,5,1,1 ½
51,U- BOLT,1,5,2,27.00
51,U- BOLT,1,6,1,2
51,U- BOLT,1,6,2,31.90
51,U- BOLT,1,7,1,2 ½
51,U- BOLT,1,7,2,38.25
51,U- BOLT,1,8,1,3
51,U- BOLT,1,8,2,48.50
51,U- BOLT,1,9,1,4
51,U- BOLT,1,9,2,58.20
51,U- BOLT,1,10,1,6
51,U- BOLT,1,10,2,90.00
51,U- BOLT,2,1,1,2 ½
51,U- BOLT,2,1,2,70.00
51,U- BOLT,2,2,1,3
51,U- BOLT,2,2,2,105
51,U- BOLT,2,3,1,4
51,U- BOLT,2,3,2,143
51,U- BOLT,2,4,1,6
51,U- BOLT,2,4,2,215
51,U- BOLT,2,5,1,8'
51,U- BOLT,2,5,2,430
51,U- BOLT,3,1,1,CLEVIS HANGER
51,U- BOLT,3,1,2,
51,U- BOLT,4,1,1,U- BOLT
51,U- BOLT,4,1,2,
51,U- BOLT,4,2,1,1/8 x 1
51,U- BOLT,4,2,2,20.00
51,U- BOLT,4,3,1,1/8 x 1 ¼
51,U- BOLT,4,3,2,24.75
51,U- BOLT,4,4,1,1/8 x 1 ½
51,U- BOLT,4,4,2,29.50
51,U- BOLT,4,5,1,3/8 x 2
51,U- BOLT,4,5,2,34.00
51,U- BOLT,4,6,1,3/8 x 2 ½
51,U- BOLT,4,6,2,38.00
51,U- BOLT,4,7,1,3/8 x 3
51,U- BOLT,4,7,2,42.50
51,U- BOLT,4,8,1,"3/8 X 4
3/8 x 5"
51,U- BOLT,4,8,2,"54.50
62.25"
51,U- BOLT,5,1,1,3/8 x 6
51,U- BOLT,5,1,2,77.40
51,U- BOLT,5,2,1,3/8 x 8
51,U- BOLT,5,2,2,128.00
51,U- BOLT,5,3,1,1/2 x 2 ½
51,U- BOLT,5,3,2,149.00
51,U- BOLT,5,4,1,1/ 2 x 3
51,U- BOLT,5,4,2,178.00
51,U- BOLT,5,5,1,1/2 x 4
51,U- BOLT,5,5,2,201.00
51,U- BOLT,5,6,1,1/2 x 6
51,U- BOLT,5,6,2,224.00
51,U- BOLT,5,7,1,1/2 x 8
51,U- BOLT,5,7,2,265.00
51,U- BOLT,6,1,1,GRIP ANCHOR
51,U- BOLT,6,1,2,
51,U- BOLT,6,2,1,3/8
51,U- BOLT,6,2,2,6.50
51,U- BOLT,6,3,1,1/2
51,U- BOLT,6,3,2,12.00
51,U- BOLT,6,4,1,5/8
51,U- BOLT,6,4,2,21.00
51,U- BOLT,7,1,1,DYNA BOLT
51,U- BOLT,7,1,2,
51,U- BOLT,7,2,1,3/8
51,U- BOLT,7,2,2,42.00
51,U- BOLT,7,3,1,1/2
51,U- BOLT,7,3,2,49.00
51,U- BOLT,7,4,1,5/8
51,U- BOLT,7,4,2,3.00
52,NUT | WASHER,1,1,1,BOLT NUT WASHER
52,NUT | WASHER,1,1,2,
52,NUT | WASHER,1,2,1,3/8 x 1
52,NUT | WASHER,1,2,2,6.10
52,NUT | WASHER,1,3,1,3/8 x 1 ½
52,NUT | WASHER,1,3,2,9.50
52,NUT | WASHER,1,4,1,3/8 x 2
52,NUT | WASHER,1,4,2,13.50
52,NUT | WASHER,1,5,1,1/2 x 2
52,NUT | WASHER,1,5,2,20.00
52,NUT | WASHER,1,6,1,1/2 x 2 ½
52,NUT | WASHER,1,6,2,23.00
52,NUT | WASHER,1,7,1,1/2 x 3
52,NUT | WASHER,1,7,2,25.00
52,NUT | WASHER,1,8,1,1/2 x 4
52,NUT | WASHER,1,8,2,32.00
52,NUT | WASHER,2,1,1,1/2 x 6
52,NUT | WASHER,2,1,2,40.00
52,NUT | WASHER,2,2,1,5/8 x 2
52,NUT | WASHER,2,2,2,28.00
52,NUT | WASHER,2,3,1,5/8 x 2 1/2
52,NUT | WASHER,2,3,2,32.00
52,NUT | WASHER,2,4,1,5/8 x 3
52,NUT | WASHER,2,4,2,38.00
52,NUT | WASHER,2,5,1,5/8 x 4
52,NUT | WASHER,2,5,2,44.00
52,NUT | WASHER,2,6,1,5/8 x 6
52,NUT | WASHER,2,6,2,55.00
52,NUT | WASHER,2,7,1,5/8 x 8
52,NUT | WASHER,2,7,2,65.00
52,NUT | WASHER,3,1,1,3/4 x 3
52,NUT | WASHER,3,1,2,55.00
52,NUT | WASHER,3,2,1,3/4 x 4
52,NUT | WASHER,3,2,2,69.00
52,NUT | WASHER,3,3,1,3/4 x 6
52,NUT | WASHER,3,3,2,88.00
52,NUT | WASHER,3,4,1,3/4 x 8
52,NUT | WASHER,3,4,2,112.00
52,NUT | WASHER,4,1,1,
52,NUT | WASHER,4,1,2,NUT
52,NUT | WASHER,4,1,3,WASHER
52,NUT | WASHER,4,2,1,3/8
52,NUT | WASHER,4,2,2,3.00
52,NUT | WASHER,4,2,3,2.50
52,NUT | WASHER,4,3,1,1/2
52,NUT | WASHER,4,3,2,5.00
52,NUT | WASHER,4,3,3,4.00
52,NUT | WASHER,4,4,1,5/8
52,NUT | WASHER,4,4,2,8.00
52,NUT | WASHER,4,4,3,7.00
52,NUT | WASHER,4,5,1,3/4
52,NUT | WASHER,4,5,2,12.00
52,NUT | WASHER,4,5,3,8.00
52,NUT | WASHER,5,1,1,1 x 1''
52,NUT | WASHER,5,1,2,12.00
52,NUT | WASHER,5,2,1,1 ¼ x 1
52,NUT | WASHER,5,2,2,14.75
52,NUT | WASHER,5,3,1,1 ½ x 1
52,NUT | WASHER,5,3,2,21.25
52,NUT | WASHER,5,4,1,2 x 1
52,NUT | WASHER,5,4,2,30.00
52,NUT | WASHER,5,5,1,2 ½ x 1
52,NUT | WASHER,5,5,2,55.00
52,NUT | WASHER,5,6,1,3 x 1
52,NUT | WASHER,5,6,2,75.00
52,NUT | WASHER,5,7,1,4 x 1
52,NUT | WASHER,5,7,2,106.00
52,NUT | WASHER,5,8,1,6 x 1
52,NUT | WASHER,5,8,2,145.00
52,NUT | WASHER,6,1,1,1 x 3 /16
52,NUT | WASHER,6,1,2,680.00
52,NUT | WASHER,6,2,1,1 x ¼ (cm)
52,NUT | WASHER,6,2,2,790.00
52,NUT | WASHER,6,3,1,1 ½ x 3/16
52,NUT | WASHER,6,3,2,880.00
52,NUT | WASHER,6,4,1,1 ½ x ¼ (cm)
52,NUT | WASHER,6,4,2,"1,100.00"
52,NUT | WASHER,6,5,1,2 x 3/16
52,NUT | WASHER,6,5,2,"1,140.00"
52,NUT | WASHER,6,6,1,2 x ¼ (cm)
52,NUT | WASHER,6,6,2,"1,480.00"
52,NUT | WASHER,6,7,1,2 ½ x 3/16
52,NUT | WASHER,6,7,2,"1,457.00"
52,NUT | WASHER,6,8,1,2 ½ x ¼ (cm)
52,NUT | WASHER,6,8,2,"1,884.00"
53,ELECTRICAL,1,1,1,EMT 1 hole Clamp
53,ELECTRICAL,1,1,2,
53,ELECTRICAL,1,2,1,½
53,ELECTRICAL,1,2,2,15.00
53,ELECTRICAL,1,3,1,¾
53,ELECTRICAL,1,3,2,20.00
53,ELECTRICAL,1,4,1,1
53,ELECTRICAL,1,4,2,25.00
53,ELECTRICAL,2,1,1,EMT 2 holes Clamp
53,ELECTRICAL,2,1,2,
53,ELECTRICAL,2,2,1,½
53,ELECTRICAL,2,2,2,17.00
53,ELECTRICAL,2,3,1,¾
53,ELECTRICAL,2,3,2,22.00
53,ELECTRICAL,2,4,1,1
53,ELECTRICAL,2,4,2,28.00
53,ELECTRICAL,3,1,1,FULL THREAD
53,ELECTRICAL,3,1,2,ROD
53,ELECTRICAL,3,2,1,3/8
53,ELECTRICAL,3,2,2,120.00
53,ELECTRICAL,3,3,1,1/2
53,ELECTRICAL,3,3,2,138.00
53,ELECTRICAL,3,4,1,5/8
53,ELECTRICAL,3,4,2,190.00
53,ELECTRICAL,4,1,1,EMT PIPE
53,ELECTRICAL,4,1,2,ROD
53,ELECTRICAL,4,2,1,1/2''
53,ELECTRICAL,4,2,2,105.00
53,ELECTRICAL,4,3,1,¾''
53,ELECTRICAL,4,3,2,137.00
53,ELECTRICAL,4,4,1,1''
53,ELECTRICAL,4,4,2,225.00
53,ELECTRICAL,5,1,1,1 ¼
53,ELECTRICAL,5,1,2,360.00
53,ELECTRICAL,5,2,1,1 ½
53,ELECTRICAL,5,2,2,410.00
53,ELECTRICAL,5,3,1,2''
53,ELECTRICAL,5,3,2,555.00
53,ELECTRICAL,6,1,1,UTILITY BOX w/ cover
53,ELECTRICAL,6,2,1,65.00
53,ELECTRICAL,7,1,1,"SQUARE BOX
4 X 4"
53,ELECTRICAL,7,2,1,85.00
53,ELECTRICAL,8,1,1,FLEXIBLE HOSE
53,ELECTRICAL,8,1,2,
53,ELECTRICAL,8,2,1,1/2 30 Meters
53,ELECTRICAL,8,2,2,650.00
53,ELECTRICAL,8,3,1,3/4
53,ELECTRICAL,8,3,2,875.00
53,ELECTRICAL,8,4,1,1
53,ELECTRICAL,8,4,2,"1,400.00"
53,ELECTRICAL,8,5,1,1 1/4
53,ELECTRICAL,8,5,2,
53,ELECTRICAL,8,6,1,1 1/2
53,ELECTRICAL,8,6,2,
53,ELECTRICAL,9,1,1,2
53,ELECTRICAL,9,1,2,
53,ELECTRICAL,10,1,1,CONDUIT
53,ELECTRICAL,10,1,2,HANGER
53,ELECTRICAL,10,2,1,1
53,ELECTRICAL,10,2,2,
53,ELECTRICAL,10,3,1,1/2
53,ELECTRICAL,10,3,2,
53,ELECTRICAL,10,4,1,3/4
53,ELECTRICAL,10,4,2,
53,ELECTRICAL,11,1,1,EMT
53,ELECTRICAL,11,1,2,COUPLING
53,ELECTRICAL,11,2,1,1
53,ELECTRICAL,11,2,2,25.00
53,ELECTRICAL,11,3,1,1/2
53,ELECTRICAL,11,3,2,15.00
53,ELECTRICAL,11,4,1,3/4
53,ELECTRICAL,11,4,2,20.00
53,ELECTRICAL,12,1,1,1 1/4
53,ELECTRICAL,12,1,2,75.00
53,ELECTRICAL,12,2,1,1 1/2
53,ELECTRICAL,12,2,2,102.00
53,ELECTRICAL,12,3,1,2
53,ELECTRICAL,12,3,2,140.00
53,ELECTRICAL,13,1,1,1 1/4
53,ELECTRICAL,13,1,2,
53,ELECTRICAL,13,2,1,1 1/2
53,ELECTRICAL,13,2,2,
53,ELECTRICAL,13,3,1,2
53,ELECTRICAL,13,3,2,
53,ELECTRICAL,14,1,1,STRAIGHT
53,ELECTRICAL,14,1,2,CONNECTOR
53,ELECTRICAL,14,2,1,1
53,ELECTRICAL,14,2,2,35.00
53,ELECTRICAL,14,3,1,1/2
53,ELECTRICAL,14,3,2,20.00
53,ELECTRICAL,14,4,1,3/4
53,ELECTRICAL,14,4,2,28.00
53,ELECTRICAL,15,1,1,JUNCTION BOX
53,ELECTRICAL,15,2,1,55.00
54,TF WIRE SINGLE,1,1,1,Rubber Gasket 1/8
54,TF WIRE SINGLE,1,1,2,830 /meter
54,TF WIRE SINGLE,1,2,1,Rubber Gasket 3/16
54,TF WIRE SINGLE,1,2,2,1235 /meter
54,TF WIRE SINGLE,1,3,1,Rubber Gasket 1/4
54,TF WIRE SINGLE,1,3,2,1595 /meter
54,TF WIRE SINGLE,2,1,1,"TF WIRE
SINGLE"
54,TF WIRE SINGLE,2,2,1,"1,780"
54,TF WIRE SINGLE,2,3,1,"2,200"
54,TF WIRE SINGLE,3,1,1,ROYAL PACIFIC
54,TF WIRE SINGLE,3,1,2,"ROYAL CORDS
Rolls Per/ Mtr"
54,TF WIRE SINGLE,3,2,1,No. 14 2 Wires
54,TF WIRE SINGLE,3,2,2,"4,345 55.00 /meter"
54,TF WIRE SINGLE,3,3,1,No. 12 2 Wires
54,TF WIRE SINGLE,3,3,2,"6,100 70.00 /meter"
54,TF WIRE SINGLE,3,4,1,No. 12 3 Wires
54,TF WIRE SINGLE,3,4,2,"7,800 90.00 /meter"
54,TF WIRE SINGLE,3,5,1,No. 10 3 Wires
54,TF WIRE SINGLE,3,5,2,
54,TF WIRE SINGLE,3,6,1,No. 6 3 Wires
54,TF WIRE SINGLE,3,6,2,
54,TF WIRE SINGLE,4,1,1,PRIMER PAINT 1 gal.
54,TF WIRE SINGLE,4,1,2,650.00
54,TF WIRE SINGLE,4,2,1,1 liter.
54,TF WIRE SINGLE,4,2,2,190.00
54,TF WIRE SINGLE,4,3,1,INTERNATIONAL 1 gal.
54,TF WIRE SINGLE,4,3,2,"1,100.00"
54,TF WIRE SINGLE,4,4,1,1 liter
54,TF WIRE SINGLE,4,4,2,285.00
54,TF WIRE SINGLE,4,5,1,PAINT THINNER 1 gal.
54,TF WIRE SINGLE,4,5,2,705.00
54,TF WIRE SINGLE,4,6,1,1 bottle
54,TF WIRE SINGLE,4,6,2,115.00
54,TF WIRE SINGLE,5,1,1,GASKET
54,TF WIRE SINGLE,5,1,2,SBR
54,TF WIRE SINGLE,5,2,1,8''
54,TF WIRE SINGLE,5,2,2,135.00
54,TF WIRE SINGLE,5,3,1,6''
54,TF WIRE SINGLE,5,3,2,105.00
54,TF WIRE SINGLE,5,4,1,4''
54,TF WIRE SINGLE,5,4,2,85.00
54,TF WIRE SINGLE,5,5,1,3''
54,TF WIRE SINGLE,5,5,2,75.00
54,TF WIRE SINGLE,5,6,1,2 ½''
54,TF WIRE SINGLE,5,6,2,60.00
54,TF WIRE SINGLE,5,7,1,2''
54,TF WIRE SINGLE,5,7,2,50.00
54,TF WIRE SINGLE,5,8,1,1 ½ - 1''
54,TF WIRE SINGLE,5,8,2,45.00
55,WORKINGGLOVES,1,1,1,WELDING GLOVES
55,WORKINGGLOVES,1,2,1,240.00
55,WORKINGGLOVES,2,1,1,WORKINGGLOVES
55,WORKINGGLOVES,2,2,1,38.00
55,WORKINGGLOVES,3,1,1,WELDING GOWN
55,WORKINGGLOVES,3,2,1,"1,240.00"
55,WORKINGGLOVES,4,1,1,HARNESS
55,WORKINGGLOVES,4,2,1,1040.00
55,WORKINGGLOVES,5,1,1,SAFETY SHOES
55,WORKINGGLOVES,5,2,1,480.00
55,WORKINGGLOVES,6,1,1,DARK GLASS
55,WORKINGGLOVES,6,2,1,20.00
55,WORKINGGLOVES,7,1,1,CLEAR GLASS
55,WORKINGGLOVES,7,2,1,18.00
55,WORKINGGLOVES,8,1,1,WELDING MASK
55,WORKINGGLOVES,8,2,1,180.00
55,WORKINGGLOVES,9,1,1,PAINT BRUSH 2 ½
55,WORKINGGLOVES,9,1,2,39.00
55,WORKINGGLOVES,9,2,1,2''
55,WORKINGGLOVES,9,2,2,37.00
55,WORKINGGLOVES,9,3,1,3''
55,WORKINGGLOVES,9,3,2,65.00
55,WORKINGGLOVES,9,4,1,4''
55,WORKINGGLOVES,9,4,2,78.00
55,WORKINGGLOVES,10,1,1,WELDING HOLDER
55,WORKINGGLOVES,10,2,1,385.00
56,Plus 5%,1,1,1,ITEM
56,Plus 5%,1,1,2,PICTURE
56,Plus 5%,1,1,3,SIZE
56,Plus 5%,1,1,4,PCS/CTN
56,Plus 5%,1,1,5,CTNS
56,Plus 5%,1,1,6,Qty/pcs
56,Plus 5%,1,1,7,U.W.(kg)
56,Plus 5%,1,1,8,PRICE
56,Plus 5%,1,2,1,COUPLING
56,Plus 5%,1,2,2,
56,Plus 5%,1,2,3,"2"""
56,Plus 5%,1,2,4,30
56,Plus 5%,1,2,5,10
56,Plus 5%,1,2,6,300
56,Plus 5%,1,2,7,0.7
56,Plus 5%,1,2,8,276.00
56,Plus 5%,1,3,1,
56,Plus 5%,1,3,2,
56,Plus 5%,1,3,3,"2-1/2"""
56,Plus 5%,1,3,4,24
56,Plus 5%,1,3,5,15
56,Plus 5%,1,3,6,360
56,Plus 5%,1,3,7,0.78
56,Plus 5%,1,3,8,360.00
56,Plus 5%,1,4,1,
56,Plus 5%,1,4,2,
56,Plus 5%,1,4,3,3
56,Plus 5%,1,4,4,35
56,Plus 5%,1,4,5,13
56,Plus 5%,1,4,6,455
56,Plus 5%,1,4,7,0.92
56,Plus 5%,1,4,8,480.00
56,Plus 5%,1,5,1,
56,Plus 5%,1,5,2,
56,Plus 5%,1,5,3,4
56,Plus 5%,1,5,4,25
56,Plus 5%,1,5,5,30
56,Plus 5%,1,5,6,750
56,Plus 5%,1,5,7,1.39
56,Plus 5%,1,5,8,540.00
56,Plus 5%,1,6,1,
56,Plus 5%,1,6,2,
56,Plus 5%,1,6,3,6
56,Plus 5%,1,6,4,10
56,Plus 5%,1,6,5,30
56,Plus 5%,1,6,6,300
56,Plus 5%,1,6,7,2.03
56,Plus 5%,1,6,8,900.00
56,Plus 5%,1,7,1,
56,Plus 5%,1,7,2,
56,Plus 5%,1,7,3,8
56,Plus 5%,1,7,4,6
56,Plus 5%,1,7,5,10
56,Plus 5%,1,7,6,60
56,Plus 5%,1,7,7,3.77
56,Plus 5%,1,7,8,1560.00
56,Plus 5%,1,8,1,90° ELBOW
56,Plus 5%,1,8,2,
56,Plus 5%,1,8,3,"2"""
56,Plus 5%,1,8,4,50
56,Plus 5%,1,8,5,2
56,Plus 5%,1,8,6,100
56,Plus 5%,1,8,7,0.65
56,Plus 5%,1,8,8,254.00
56,Plus 5%,1,9,1,
56,Plus 5%,1,9,2,
56,Plus 5%,1,9,3,"2-1/2"""
56,Plus 5%,1,9,4,32
56,Plus 5%,1,9,5,5
56,Plus 5%,1,9,6,160
56,Plus 5%,1,9,7,0.95
56,Plus 5%,1,9,8,389.00
56,Plus 5%,1,10,1,
56,Plus 5%,1,10,2,
56,Plus 5%,1,10,3,3
56,Plus 5%,1,10,4,18
56,Plus 5%,1,10,5,10
56,Plus 5%,1,10,6,180
56,Plus 5%,1,10,7,1.32
56,Plus 5%,1,10,8,528.00
56,Plus 5%,1,11,1,
56,Plus 5%,1,11,2,
56,Plus 5%,1,11,3,4
56,Plus 5%,1,11,4,12
56,Plus 5%,1,11,5,12
56,Plus 5%,1,11,6,144
56,Plus 5%,1,11,7,1.87
56,Plus 5%,1,11,8,699.00
56,Plus 5%,1,12,1,
56,Plus 5%,1,12,2,
56,Plus 5%,1,12,3,6
56,Plus 5%,1,12,4,3
56,Plus 5%,1,12,5,20
56,Plus 5%,1,12,6,60
56,Plus 5%,1,12,7,4.37
56,Plus 5%,1,12,8,1317.00
56,Plus 5%,1,13,1,
56,Plus 5%,1,13,2,
56,Plus 5%,1,13,3,"8"""
56,Plus 5%,1,13,4,1
56,Plus 5%,1,13,5,30
56,Plus 5%,1,13,6,30
56,Plus 5%,1,13,7,7.85
56,Plus 5%,1,13,8,3576.00
56,Plus 5%,1,14,1,45° ELBOW
56,Plus 5%,1,14,2,
56,Plus 5%,1,14,3,3
56,Plus 5%,1,14,4,24
56,Plus 5%,1,14,5,2
56,Plus 5%,1,14,6,48
56,Plus 5%,1,14,7,1.1
56,Plus 5%,1,14,8,358.00
56,Plus 5%,1,15,1,
56,Plus 5%,1,15,2,
56,Plus 5%,1,15,3,4
56,Plus 5%,1,15,4,14
56,Plus 5%,1,15,5,3
56,Plus 5%,1,15,6,42
56,Plus 5%,1,15,7,1.82
56,Plus 5%,1,15,8,621.00
56,Plus 5%,1,16,1,
56,Plus 5%,1,16,2,
56,Plus 5%,1,16,3,6
56,Plus 5%,1,16,4,4
56,Plus 5%,1,16,5,5
56,Plus 5%,1,16,6,20
56,Plus 5%,1,16,7,3.62
56,Plus 5%,1,16,8,1235.00
56,Plus 5%,1,17,1,GROOVED CONCENTRIC REDUCER
56,Plus 5%,1,17,2,
56,Plus 5%,1,17,3,"1-1/2""x2-1/2"""
56,Plus 5%,1,17,4,64
56,Plus 5%,1,17,5,1
56,Plus 5%,1,17,6,64
56,Plus 5%,1,17,7,0.39
56,Plus 5%,1,17,8,140.00
56,Plus 5%,1,18,1,
56,Plus 5%,1,18,2,
56,Plus 5%,1,18,3,"2 x 2-1/2"""
56,Plus 5%,1,18,4,64
56,Plus 5%,1,18,5,1
56,Plus 5%,1,18,6,64
56,Plus 5%,1,18,7,0.5
56,Plus 5%,1,18,8,140.00
56,Plus 5%,1,19,1,
56,Plus 5%,1,19,2,
56,Plus 5%,1,19,3,2 x 3
56,Plus 5%,1,19,4,64
56,Plus 5%,1,19,5,1
56,Plus 5%,1,19,6,64
56,Plus 5%,1,19,7,0.55
56,Plus 5%,1,19,8,232.00
56,Plus 5%,1,20,1,
56,Plus 5%,1,20,2,
56,Plus 5%,1,20,3,2 x 4
56,Plus 5%,1,20,4,45
56,Plus 5%,1,20,5,1
56,Plus 5%,1,20,6,45
56,Plus 5%,1,20,7,0.87
56,Plus 5%,1,20,8,320.00
56,Plus 5%,1,21,1,
56,Plus 5%,1,21,2,
56,Plus 5%,1,21,3,"2-1/2"" x 3"
56,Plus 5%,1,21,4,64
56,Plus 5%,1,21,5,1
56,Plus 5%,1,21,6,64
56,Plus 5%,1,21,7,0.68
56,Plus 5%,1,21,8,232.00
56,Plus 5%,1,22,1,
56,Plus 5%,1,22,2,
56,Plus 5%,1,22,3,"2-1/2"" x 4"
56,Plus 5%,1,22,4,36
56,Plus 5%,1,22,5,1
56,Plus 5%,1,22,6,36
56,Plus 5%,1,22,7,0.92
56,Plus 5%,1,22,8,320.00
56,Plus 5%,1,23,1,
56,Plus 5%,1,23,2,
56,Plus 5%,1,23,3,"2-1/2"" x 6"
56,Plus 5%,1,23,4,20
56,Plus 5%,1,23,5,1
56,Plus 5%,1,23,6,20
56,Plus 5%,1,23,7,1.92
56,Plus 5%,1,23,8,804.00
56,Plus 5%,1,24,1,
56,Plus 5%,1,24,2,
56,Plus 5%,1,24,3,3 x 4
56,Plus 5%,1,24,4,36
56,Plus 5%,1,24,5,1
56,Plus 5%,1,24,6,36
56,Plus 5%,1,24,7,0.99
56,Plus 5%,1,24,8,320.00
56,Plus 5%,1,25,1,
56,Plus 5%,1,25,2,
56,Plus 5%,1,25,3,4 x 6
56,Plus 5%,1,25,4,20
56,Plus 5%,1,25,5,1
56,Plus 5%,1,25,6,20
56,Plus 5%,1,25,7,2.19
56,Plus 5%,1,25,8,804.00
56,Plus 5%,1,26,1,
56,Plus 5%,1,26,2,
56,Plus 5%,1,26,3,6 x 8
56,Plus 5%,1,26,4,5
56,Plus 5%,1,26,5,1
56,Plus 5%,1,26,6,5
56,Plus 5%,1,26,7,3.76
56,Plus 5%,1,26,8,1270.00
56,Plus 5%,1,27,1,GROOVED CAP FITTING
56,Plus 5%,1,27,2,
56,Plus 5%,1,27,3,"2-1/2"""
56,Plus 5%,1,27,4,64
56,Plus 5%,1,27,5,1
56,Plus 5%,1,27,6,64
56,Plus 5%,1,27,7,0.27
56,Plus 5%,1,27,8,150.00
56,Plus 5%,1,28,1,
56,Plus 5%,1,28,2,
56,Plus 5%,1,28,3,3
56,Plus 5%,1,28,4,50
56,Plus 5%,1,28,5,1
56,Plus 5%,1,28,6,50
56,Plus 5%,1,28,7,0.47
56,Plus 5%,1,28,8,176.00
56,Plus 5%,1,29,1,
56,Plus 5%,1,29,2,
56,Plus 5%,1,29,3,4
56,Plus 5%,1,29,4,45
56,Plus 5%,1,29,5,1
56,Plus 5%,1,29,6,45
56,Plus 5%,1,29,7,0.7
56,Plus 5%,1,29,8,250.00
56,Plus 5%,1,30,1,
56,Plus 5%,1,30,2,
56,Plus 5%,1,30,3,6
56,Plus 5%,1,30,4,20
56,Plus 5%,1,30,5,1
56,Plus 5%,1,30,6,20
56,Plus 5%,1,30,7,1.87
56,Plus 5%,1,30,8,598.00
56,Plus 5%,1,31,1,TEE
56,Plus 5%,1,31,2,
56,Plus 5%,1,31,3,"2"""
56,Plus 5%,1,31,4,30
56,Plus 5%,1,31,5,2
56,Plus 5%,1,31,6,60
56,Plus 5%,1,31,7,0.93
56,Plus 5%,1,31,8,374.00
56,Plus 5%,1,32,1,
56,Plus 5%,1,32,2,
56,Plus 5%,1,32,3,"2-1/2"""
56,Plus 5%,1,32,4,24
56,Plus 5%,1,32,5,3
56,Plus 5%,1,32,6,72
56,Plus 5%,1,32,7,1.3
56,Plus 5%,1,32,8,560.00
56,Plus 5%,1,33,1,
56,Plus 5%,1,33,2,
56,Plus 5%,1,33,3,3
56,Plus 5%,1,33,4,12
56,Plus 5%,1,33,5,4
56,Plus 5%,1,33,6,48
56,Plus 5%,1,33,7,1.82
56,Plus 5%,1,33,8,731.00
56,Plus 5%,1,34,1,
56,Plus 5%,1,34,2,
56,Plus 5%,1,34,3,4
56,Plus 5%,1,34,4,7
56,Plus 5%,1,34,5,8
56,Plus 5%,1,34,6,56
56,Plus 5%,1,34,7,2.74
56,Plus 5%,1,34,8,1066.00
56,Plus 5%,1,35,1,
56,Plus 5%,1,35,2,
56,Plus 5%,1,35,3,6
56,Plus 5%,1,35,4,2
56,Plus 5%,1,35,5,10
56,Plus 5%,1,35,6,20
56,Plus 5%,1,35,7,5.89
56,Plus 5%,1,35,8,2106.00
56,Plus 5%,1,36,1,
56,Plus 5%,1,36,2,
56,Plus 5%,1,36,3,"2-1/2"" x 4"
56,Plus 5%,1,36,4,7
56,Plus 5%,1,36,5,4
56,Plus 5%,1,36,6,28
56,Plus 5%,1,36,7,2.55
56,Plus 5%,1,36,8,1066.00
56,Plus 5%,1,37,1,
56,Plus 5%,1,37,2,
56,Plus 5%,1,37,3,3 x 4
56,Plus 5%,1,37,4,7
56,Plus 5%,1,37,5,4
56,Plus 5%,1,37,6,28
56,Plus 5%,1,37,7,2.78
56,Plus 5%,1,37,8,1066.00
56,Plus 5%,1,38,1,
56,Plus 5%,1,38,2,
56,Plus 5%,1,38,3,4 x 6
56,Plus 5%,1,38,4,2
56,Plus 5%,1,38,5,7
56,Plus 5%,1,38,6,14
56,Plus 5%,1,38,7,5.94
56,Plus 5%,1,38,8,"2,082.00"
56,Plus 5%,1,39,1,MECHANICAL TEE THREADED
56,Plus 5%,1,39,2,
56,Plus 5%,1,39,3,"1 x 2-1/2"""
56,Plus 5%,1,39,4,45
56,Plus 5%,1,39,5,10
56,Plus 5%,1,39,6,450
56,Plus 5%,1,39,7,0.81
56,Plus 5%,1,39,8,376.00
56,Plus 5%,1,40,1,
56,Plus 5%,1,40,2,
56,Plus 5%,1,40,3,1 x 3
56,Plus 5%,1,40,4,36
56,Plus 5%,1,40,5,10
56,Plus 5%,1,40,6,360
56,Plus 5%,1,40,7,0.96
56,Plus 5%,1,40,8,461.00
56,Plus 5%,1,41,1,
56,Plus 5%,1,41,2,
56,Plus 5%,1,41,3,1 x 4
56,Plus 5%,1,41,4,30
56,Plus 5%,1,41,5,6
56,Plus 5%,1,41,6,180
56,Plus 5%,1,41,7,1.36
56,Plus 5%,1,41,8,600.00
56,Plus 5%,1,42,1,
56,Plus 5%,1,42,2,
56,Plus 5%,1,42,3,"1-1/4"" x 2-1/2"""
56,Plus 5%,1,42,4,45
56,Plus 5%,1,42,5,3
56,Plus 5%,1,42,6,135
56,Plus 5%,1,42,7,0.91
56,Plus 5%,1,42,8,560.00
56,Plus 5%,1,43,1,
56,Plus 5%,1,43,2,
56,Plus 5%,1,43,3,"1-1/4"" x 3"
56,Plus 5%,1,43,4,36
56,Plus 5%,1,43,5,3
56,Plus 5%,1,43,6,108
56,Plus 5%,1,43,7,1.26
56,Plus 5%,1,43,8,461.00
56,Plus 5%,1,44,1,
56,Plus 5%,1,44,2,
56,Plus 5%,1,44,3,"1-1/4"" x 4"
56,Plus 5%,1,44,4,30
56,Plus 5%,1,44,5,4
56,Plus 5%,1,44,6,120
56,Plus 5%,1,44,7,1.41
56,Plus 5%,1,44,8,600.00
56,Plus 5%,1,45,1,
56,Plus 5%,1,45,2,
56,Plus 5%,1,45,3,"1-1/2"" x 2-1/2"""
56,Plus 5%,1,45,4,36
56,Plus 5%,1,45,5,2
56,Plus 5%,1,45,6,72
56,Plus 5%,1,45,7,0.97
56,Plus 5%,1,45,8,376.00
56,Plus 5%,1,46,1,
56,Plus 5%,1,46,2,
56,Plus 5%,1,46,3,"1-1/2"" x 3"
56,Plus 5%,1,46,4,36
56,Plus 5%,1,46,5,2
56,Plus 5%,1,46,6,72
56,Plus 5%,1,46,7,1.17
56,Plus 5%,1,46,8,461.00
56,Plus 5%,1,47,1,
56,Plus 5%,1,47,2,
56,Plus 5%,1,47,3,"1-1/2"" x 4"
56,Plus 5%,1,47,4,25
56,Plus 5%,1,47,5,2
56,Plus 5%,1,47,6,50
56,Plus 5%,1,47,7,1.47
56,Plus 5%,1,47,8,600.00
56,Plus 5%,1,48,1,
56,Plus 5%,1,48,2,
56,Plus 5%,1,48,3,"1-1/2"" x 6"
56,Plus 5%,1,48,4,15
56,Plus 5%,1,48,5,2
56,Plus 5%,1,48,6,30
56,Plus 5%,1,48,7,2.58
56,Plus 5%,1,48,8,850.00
56,Plus 5%,1,49,1,
56,Plus 5%,1,49,2,
56,Plus 5%,1,49,3,2 x 3
56,Plus 5%,1,49,4,30
56,Plus 5%,1,49,5,3
56,Plus 5%,1,49,6,90
56,Plus 5%,1,49,7,1.34
56,Plus 5%,1,49,8,461.00
56,Plus 5%,1,50,1,
56,Plus 5%,1,50,2,
56,Plus 5%,1,50,3,2 x 4
56,Plus 5%,1,50,4,25
56,Plus 5%,1,50,5,3
56,Plus 5%,1,50,6,75
56,Plus 5%,1,50,7,1.6
56,Plus 5%,1,50,8,600.00
56,Plus 5%,1,51,1,
56,Plus 5%,1,51,2,
56,Plus 5%,1,51,3,2 x 6
56,Plus 5%,1,51,4,12
56,Plus 5%,1,51,5,2
56,Plus 5%,1,51,6,24
56,Plus 5%,1,51,7,2.44
56,Plus 5%,1,51,8,850.00
56,Plus 5%,1,52,1,MECHANICAL TEE GROOVED
56,Plus 5%,1,52,2,
56,Plus 5%,1,52,3,"2-1/2"" x 4"
56,Plus 5%,1,52,4,18
56,Plus 5%,1,52,5,2
56,Plus 5%,1,52,6,36
56,Plus 5%,1,52,7,1.87
56,Plus 5%,1,52,8,706.00
56,Plus 5%,1,53,1,
56,Plus 5%,1,53,2,
56,Plus 5%,1,53,3,"2-1/2"" x 6"
56,Plus 5%,1,53,4,12
56,Plus 5%,1,53,5,2
56,Plus 5%,1,53,6,24
56,Plus 5%,1,53,7,2.54
56,Plus 5%,1,53,8,999.00
56,Plus 5%,1,54,1,
56,Plus 5%,1,54,2,
56,Plus 5%,1,54,3,3 x 4
56,Plus 5%,1,54,4,18
56,Plus 5%,1,54,5,3
56,Plus 5%,1,54,6,54
56,Plus 5%,1,54,7,2.02
56,Plus 5%,1,54,8,706.00
56,Plus 5%,1,55,1,
56,Plus 5%,1,55,2,
56,Plus 5%,1,55,3,3 x 6
56,Plus 5%,1,55,4,10
56,Plus 5%,1,55,5,3
56,Plus 5%,1,55,6,30
56,Plus 5%,1,55,7,3.04
56,Plus 5%,1,55,8,999.00
56,Plus 5%,1,56,1,GROOVED FLANGE
56,Plus 5%,1,56,2,
56,Plus 5%,1,56,3,"2"""
56,Plus 5%,1,56,4,16
56,Plus 5%,1,56,5,1
56,Plus 5%,1,56,6,16
56,Plus 5%,1,56,7,1.61
56,Plus 5%,1,56,8,415.00
56,Plus 5%,1,57,1,
56,Plus 5%,1,57,2,
56,Plus 5%,1,57,3,"2-1/2"""
56,Plus 5%,1,57,4,16
56,Plus 5%,1,57,5,4
56,Plus 5%,1,57,6,64
56,Plus 5%,1,57,7,1.89
56,Plus 5%,1,57,8,718.00
56,Plus 5%,1,58,1,
56,Plus 5%,1,58,2,
56,Plus 5%,1,58,3,3
56,Plus 5%,1,58,4,10
56,Plus 5%,1,58,5,5
56,Plus 5%,1,58,6,50
56,Plus 5%,1,58,7,2.23
56,Plus 5%,1,58,8,795.00
56,Plus 5%,1,59,1,
56,Plus 5%,1,59,2,
56,Plus 5%,1,59,3,4
56,Plus 5%,1,59,4,10
56,Plus 5%,1,59,5,5
56,Plus 5%,1,59,6,100
56,Plus 5%,1,59,7,2.71
56,Plus 5%,1,59,8,857.00
56,Plus 5%,1,60,1,
56,Plus 5%,1,60,2,
56,Plus 5%,1,60,3,6
56,Plus 5%,1,60,4,3
56,Plus 5%,1,60,5,10
56,Plus 5%,1,60,6,30
56,Plus 5%,1,60,7,3.81
56,Plus 5%,1,60,8,1250.00
57,Black Iron - Bell Reducer - Welded,1,1,1,SIZE
57,Black Iron - Bell Reducer - Welded,1,1,2,SCH. 40
57,Black Iron - Bell Reducer - Welded,1,1,3,SCH. 40
57,Black Iron - Bell Reducer - Welded,1,2,1,
57,Black Iron - Bell Reducer - Welded,1,2,2,CONCENTRIC
57,Black Iron - Bell Reducer - Welded,1,2,3,ECCENTRIC
57,Black Iron - Bell Reducer - Welded,1,3,1,3 x 1
57,Black Iron - Bell Reducer - Welded,1,3,2,748.00
57,Black Iron - Bell Reducer - Welded,1,3,3,
57,Black Iron - Bell Reducer - Welded,1,4,1,"1"" x ¾"
57,Black Iron - Bell Reducer - Welded,1,4,2,90.00
57,Black Iron - Bell Reducer - Welded,1,4,3,130.00
57,Black Iron - Bell Reducer - Welded,1,5,1,"1 ¼"" x 1"""
57,Black Iron - Bell Reducer - Welded,1,5,2,95.00
57,Black Iron - Bell Reducer - Welded,1,5,3,137.00
57,Black Iron - Bell Reducer - Welded,1,6,1,1 ½ x 1 ¼
57,Black Iron - Bell Reducer - Welded,1,6,2,96.00
57,Black Iron - Bell Reducer - Welded,1,6,3,149.00
57,Black Iron - Bell Reducer - Welded,1,7,1,1 ½ x 1
57,Black Iron - Bell Reducer - Welded,1,7,2,98.00
57,Black Iron - Bell Reducer - Welded,1,7,3,149.00
57,Black Iron - Bell Reducer - Welded,1,8,1,"2"" x 1 ½"
57,Black Iron - Bell Reducer - Welded,1,8,2,106.00
57,Black Iron - Bell Reducer - Welded,1,8,3,161.00
57,Black Iron - Bell Reducer - Welded,1,9,1,"2"" x 1 ¼"""
57,Black Iron - Bell Reducer - Welded,1,9,2,120.00
57,Black Iron - Bell Reducer - Welded,1,9,3,185.00
57,Black Iron - Bell Reducer - Welded,1,10,1,"2"" x 1"""
57,Black Iron - Bell Reducer - Welded,1,10,2,132.00
57,Black Iron - Bell Reducer - Welded,1,10,3,204.00
57,Black Iron - Bell Reducer - Welded,1,11,1,"2 ½"" x 2"""
57,Black Iron - Bell Reducer - Welded,1,11,2,132.00
57,Black Iron - Bell Reducer - Welded,1,11,3,272.00
57,Black Iron - Bell Reducer - Welded,1,12,1,"2 ½"" x 1 ½"""
57,Black Iron - Bell Reducer - Welded,1,12,2,143.00
57,Black Iron - Bell Reducer - Welded,1,12,3,284.00
57,Black Iron - Bell Reducer - Welded,1,13,1,"2 ½"" x 1 ¼"""
57,Black Iron - Bell Reducer - Welded,1,13,2,160.00
57,Black Iron - Bell Reducer - Welded,1,13,3,303.00
57,Black Iron - Bell Reducer - Welded,1,14,1,"3"" x 2 ½"""
57,Black Iron - Bell Reducer - Welded,1,14,2,182.00
57,Black Iron - Bell Reducer - Welded,1,14,3,346.00
57,Black Iron - Bell Reducer - Welded,1,15,1,"3"" x 2"""
57,Black Iron - Bell Reducer - Welded,1,15,2,182.00
57,Black Iron - Bell Reducer - Welded,1,15,3,358.00
57,Black Iron - Bell Reducer - Welded,1,16,1,"3"" x 1 ½"""
57,Black Iron - Bell Reducer - Welded,1,16,2,748.00
57,Black Iron - Bell Reducer - Welded,1,16,3,382.00
57,Black Iron - Bell Reducer - Welded,1,17,1,"4"" x 3"""
57,Black Iron - Bell Reducer - Welded,1,17,2,264.00
57,Black Iron - Bell Reducer - Welded,1,17,3,407.00
57,Black Iron - Bell Reducer - Welded,1,18,1,"4"" x 2 ½"""
57,Black Iron - Bell Reducer - Welded,1,18,2,281.00
57,Black Iron - Bell Reducer - Welded,1,18,3,432.00
57,Black Iron - Bell Reducer - Welded,1,19,1,"4"" x 2"""
57,Black Iron - Bell Reducer - Welded,1,19,2,303.00
57,Black Iron - Bell Reducer - Welded,1,19,3,457.00
57,Black Iron - Bell Reducer - Welded,1,20,1,"5"" x 4"""
57,Black Iron - Bell Reducer - Welded,1,20,2,523.00
57,Black Iron - Bell Reducer - Welded,1,20,3,555.00
57,Black Iron - Bell Reducer - Welded,1,21,1,"5"" x 3"""
57,Black Iron - Bell Reducer - Welded,1,21,2,556.00
57,Black Iron - Bell Reducer - Welded,1,21,3,604.00
57,Black Iron - Bell Reducer - Welded,1,22,1,"5"" x 2 ½"""
57,Black Iron - Bell Reducer - Welded,1,22,2,589.00
57,Black Iron - Bell Reducer - Welded,1,22,3,678.00
57,Black Iron - Bell Reducer - Welded,1,23,1,"5"" x 2"""
57,Black Iron - Bell Reducer - Welded,1,23,2,616.00
57,Black Iron - Bell Reducer - Welded,1,23,3,740.00
57,Black Iron - Bell Reducer - Welded,1,24,1,4 x 1 ½ ‘'
57,Black Iron - Bell Reducer - Welded,1,24,2,975.00
57,Black Iron - Bell Reducer - Welded,1,24,3,
57,Black Iron - Bell Reducer - Welded,2,1,1,SIZE
57,Black Iron - Bell Reducer - Welded,2,1,2,SCH. 40
57,Black Iron - Bell Reducer - Welded,2,1,3,SCH. 40
57,Black Iron - Bell Reducer - Welded,2,2,1,
57,Black Iron - Bell Reducer - Welded,2,2,2,CONCENTRIC
57,Black Iron - Bell Reducer - Welded,2,2,3,ECCENTRIC
57,Black Iron - Bell Reducer - Welded,2,3,1,"6"" x 5"""
57,Black Iron - Bell Reducer - Welded,2,3,2,689.00
57,Black Iron - Bell Reducer - Welded,2,3,3,"1,188.00"
57,Black Iron - Bell Reducer - Welded,2,4,1,"6"" x 4"""
57,Black Iron - Bell Reducer - Welded,2,4,2,719.00
57,Black Iron - Bell Reducer - Welded,2,4,3,"1,254.00"
57,Black Iron - Bell Reducer - Welded,2,5,1,"6"" x 3"""
57,Black Iron - Bell Reducer - Welded,2,5,2,749.00
57,Black Iron - Bell Reducer - Welded,2,5,3,"1,294.00"
57,Black Iron - Bell Reducer - Welded,2,6,1,"6"" x 2 ½"""
57,Black Iron - Bell Reducer - Welded,2,6,2,"1,223.00"
57,Black Iron - Bell Reducer - Welded,2,6,3,"1,529.00"
57,Black Iron - Bell Reducer - Welded,2,7,1,"6"" x 2"""
57,Black Iron - Bell Reducer - Welded,2,7,2,"1,855.00"
57,Black Iron - Bell Reducer - Welded,2,7,3,"1,634.00"
57,Black Iron - Bell Reducer - Welded,2,8,1,"8"" x 6"""
57,Black Iron - Bell Reducer - Welded,2,8,2,"1,136.00"
57,Black Iron - Bell Reducer - Welded,2,8,3,"1,708.00"
57,Black Iron - Bell Reducer - Welded,2,9,1,"8"" x 5"""
57,Black Iron - Bell Reducer - Welded,2,9,2,"1,144.00"
57,Black Iron - Bell Reducer - Welded,2,9,3,"1,782.00"
57,Black Iron - Bell Reducer - Welded,2,10,1,"8"" x 4"""
57,Black Iron - Bell Reducer - Welded,2,10,2,"1,202.00"
57,Black Iron - Bell Reducer - Welded,2,10,3,"1,857.00"
57,Black Iron - Bell Reducer - Welded,2,11,1,"8"" x 3"""
57,Black Iron - Bell Reducer - Welded,2,11,2,"1,258.00"
57,Black Iron - Bell Reducer - Welded,2,11,3,"2,008.00"
57,Black Iron - Bell Reducer - Welded,2,12,1,"10"" x 8"""
57,Black Iron - Bell Reducer - Welded,2,12,2,"1,697.00"
57,Black Iron - Bell Reducer - Welded,2,12,3,"3,432.00"
57,Black Iron - Bell Reducer - Welded,2,13,1,"10"" x 6"""
57,Black Iron - Bell Reducer - Welded,2,13,2,"1,717.00"
57,Black Iron - Bell Reducer - Welded,2,13,3,"3,518.00"
57,Black Iron - Bell Reducer - Welded,2,14,1,"10"" x 5"""
57,Black Iron - Bell Reducer - Welded,2,14,2,"1,755.00"
57,Black Iron - Bell Reducer - Welded,2,14,3,"3,604.00"
57,Black Iron - Bell Reducer - Welded,2,15,1,"10"" x 4"""
57,Black Iron - Bell Reducer - Welded,2,15,2,"1,812.00"
57,Black Iron - Bell Reducer - Welded,2,15,3,"3,776.00"
57,Black Iron - Bell Reducer - Welded,2,16,1,"12"" x 10"""
57,Black Iron - Bell Reducer - Welded,2,16,2,"2,832.00"
57,Black Iron - Bell Reducer - Welded,2,16,3,"4,689.00"
57,Black Iron - Bell Reducer - Welded,2,17,1,"12"" x 8"""
57,Black Iron - Bell Reducer - Welded,2,17,2,"3,013.00"
57,Black Iron - Bell Reducer - Welded,2,17,3,"5,492.00"
57,Black Iron - Bell Reducer - Welded,2,18,1,"12"" x 6"""
57,Black Iron - Bell Reducer - Welded,2,18,2,"3,052.00"
57,Black Iron - Bell Reducer - Welded,2,18,3,"5,492.00"
57,Black Iron - Bell Reducer - Welded,2,19,1,"12"" x 4"""
57,Black Iron - Bell Reducer - Welded,2,19,2,"3,243.00"
57,Black Iron - Bell Reducer - Welded,2,19,3,"5,723.00"
57,Black Iron - Bell Reducer - Welded,2,20,1,"14"" x 12"""
57,Black Iron - Bell Reducer - Welded,2,20,2,"8,070.00"
57,Black Iron - Bell Reducer - Welded,2,20,3,
57,Black Iron - Bell Reducer - Welded,2,21,1,"14"" x 10"""
57,Black Iron - Bell Reducer - Welded,2,21,2,"8,803.00"
57,Black Iron - Bell Reducer - Welded,2,21,3,
57,Black Iron - Bell Reducer - Welded,2,22,1,"14"" x 8"""
57,Black Iron - Bell Reducer - Welded,2,22,2,"9,537.00"
57,Black Iron - Bell Reducer - Welded,2,22,3,
57,Black Iron - Bell Reducer - Welded,2,23,1,2 ½ x 1
57,Black Iron - Bell Reducer - Welded,2,23,2,504.00
57,Black Iron - Bell Reducer - Welded,2,23,3,
57,Black Iron - Bell Reducer - Welded,2,24,1,
57,Black Iron - Bell Reducer - Welded,2,24,2,
57,Black Iron - Bell Reducer - Welded,2,24,3,
57,Black Iron - Bell Reducer - Welded,3,1,1,BLADDER TANK
57,Black Iron - Bell Reducer - Welded,3,1,2,PRICE
57,Black Iron - Bell Reducer - Welded,3,2,1,2000 liters
57,Black Iron - Bell Reducer - Welded,3,2,2,"375,400"
57,Black Iron - Bell Reducer - Welded,3,3,1,1500 liters
57,Black Iron - Bell Reducer - Welded,3,3,2,"219,600"
57,Black Iron - Bell Reducer - Welded,3,4,1,1000 liters
57,Black Iron - Bell Reducer - Welded,3,4,2,"129,700"
57,Black Iron - Bell Reducer - Welded,3,5,1,850 liters
57,Black Iron - Bell Reducer - Welded,3,5,2,"111,900"
57,Black Iron - Bell Reducer - Welded,3,6,1,700 liters
57,Black Iron - Bell Reducer - Welded,3,6,2,"100,700"
57,Black Iron - Bell Reducer - Welded,3,7,1,500 liters
57,Black Iron - Bell Reducer - Welded,3,7,2,"55,300"
57,Black Iron - Bell Reducer - Welded,4,1,1,300 liters
57,Black Iron - Bell Reducer - Welded,4,1,2,"34,000"
57,Black Iron - Bell Reducer - Welded,4,2,1,200 liters
57,Black Iron - Bell Reducer - Welded,4,2,2,"28,800"
57,Black Iron - Bell Reducer - Welded,4,3,1,150 liters
57,Black Iron - Bell Reducer - Welded,4,3,2,"23,500"
57,Black Iron - Bell Reducer - Welded,4,4,1,100 liters
57,Black Iron - Bell Reducer - Welded,4,4,2,"15,000"
57,Black Iron - Bell Reducer - Welded,4,5,1,80 liters
57,Black Iron - Bell Reducer - Welded,4,5,2,"12,500"
57,Black Iron - Bell Reducer - Welded,4,6,1,60 liters
57,Black Iron - Bell Reducer - Welded,4,6,2,"8,500"
58,STAINLESS TANK | PRICE,1,1,1,STAINLESS TANK
58,STAINLESS TANK | PRICE,1,1,2,PRICE
58,STAINLESS TANK | PRICE,1,2,1,10000 liters
58,STAINLESS TANK | PRICE,1,2,2,"185,000"
58,STAINLESS TANK | PRICE,1,3,1,6500 liters
58,STAINLESS TANK | PRICE,1,3,2,"98,000"
58,STAINLESS TANK | PRICE,1,4,1,5000 liters
58,STAINLESS TANK | PRICE,1,4,2,"83,000"
58,STAINLESS TANK | PRICE,1,5,1,3500 liters
58,STAINLESS TANK | PRICE,1,5,2,"68,500"
58,STAINLESS TANK | PRICE,1,6,1,2000 liters
58,STAINLESS TANK | PRICE,1,6,2,"39,500"
58,STAINLESS TANK | PRICE,1,7,1,1000 liters
58,STAINLESS TANK | PRICE,1,7,2,"17,500"
59,TOOLS,1,1,1,THREADING MACHINE
59,TOOLS,1,1,2,
59,TOOLS,1,2,1,½'' - 2''
59,TOOLS,1,2,2,"37,500"
59,TOOLS,1,3,1,½'' – 4''
59,TOOLS,1,3,2,"60,000"
59,TOOLS,2,1,1,GROOVING MACHINE
59,TOOLS,2,1,2,
59,TOOLS,2,2,1,2- 6''
59,TOOLS,2,2,2,"78,000"
59,TOOLS,3,1,1,
59,TOOLS,3,1,2,DIES
59,TOOLS,3,2,1,½ - ¾
59,TOOLS,3,2,2,"3,500"
59,TOOLS,3,3,1,1-2
59,TOOLS,3,3,2,"3,800"
59,TOOLS,3,4,1,2 ½ - 4
59,TOOLS,3,4,2,"4,800"
59,TOOLS,4,1,1,2- 12''
59,TOOLS,4,1,2,"95,000"
59,TOOLS,5,1,1,PIPE WRENCH
59,TOOLS,5,1,2,
59,TOOLS,5,2,1,14''
59,TOOLS,5,2,2,580.00
59,TOOLS,5,3,1,18''
59,TOOLS,5,3,2,720.00
59,TOOLS,6,1,1,DRILL
59,TOOLS,6,2,1,"3,500"
59,TOOLS,7,1,1,GRINDER
59,TOOLS,7,2,1,"2,800"
59,TOOLS,8,1,1,WELDING MACHINE INVERTER
59,TOOLS,8,2,1,"- 8,500
500 - 10,500"
59,TOOLS,9,1,1,CUT-OFF
59,TOOLS,9,2,1,"8,500"
59,TOOLS,10,1,1,PIPE HOLE SAW MACHINE
59,TOOLS,10,2,1,"30,000"
59,TOOLS,11,1,1,20''
59,TOOLS,11,1,2,980.00
59,TOOLS,11,2,1,24''
59,TOOLS,11,2,2,"1,450.00"
